=== seta sample 2026-09-14T01:00:45-04:00
[generator_gate] materialized SETA_Synth/kaggle_notebook__ryanholbrook_exercise-forecasting-with-machine-learning -> /home/evan/gen-sets/seta/SETA_Synth/kaggle_notebook__ryanholbrook_exercise-forecasting-with-machine-learning
[generator_gate] materialized SETA_Evolve/ask_ubuntu__1062__d1 -> /home/evan/gen-sets/seta/SETA_Evolve/ask_ubuntu__1062__d1
[generator_gate] materialized SETA_Synth/ask_ubuntu__466 -> /home/evan/gen-sets/seta/SETA_Synth/ask_ubuntu__466
[generator_gate] materialized SETA_Evolve/kaggle_notebook__nsrose7224_random-forest-regressor-accuracy-0-91__b1 -> /home/evan/gen-sets/seta/SETA_Evolve/kaggle_notebook__nsrose7224_random-forest-regressor-accuracy-0-91__b1
[generator_gate] materialized SETA_Synth/stack_overflow__491376 -> /home/evan/gen-sets/seta/SETA_Synth/stack_overflow__491376
[generator_gate] materialized SETA_Synth/stack_overflow__50392783 -> /home/evan/gen-sets/seta/SETA_Synth/stack_overflow__50392783
[generator_gate] materialized SETA_Synth/ask_ubuntu__559 -> /home/evan/gen-sets/seta/SETA_Synth/ask_ubuntu__559
[generator_gate] materialized SETA_Synth/stack_overflow__1013493 -> /home/evan/gen-sets/seta/SETA_Synth/stack_overflow__1013493
[generator_gate] materialized SETA_Synth/kaggle_notebook__melissamonfared_car-price-prediction-eda-linear-regression -> /home/evan/gen-sets/seta/SETA_Synth/kaggle_notebook__melissamonfared_car-price-prediction-eda-linear-regression
[generator_gate] materialized SETA_Evolve/unix_linux_se__3568__b1 -> /home/evan/gen-sets/seta/SETA_Evolve/unix_linux_se__3568__b1
[generator_gate] materialized SETA_Synth/nl2bash__581 -> /home/evan/gen-sets/seta/SETA_Synth/nl2bash__581
[generator_gate] materialized SETA_Synth/nl2bash__641 -> /home/evan/gen-sets/seta/SETA_Synth/nl2bash__641
[generator_gate] materialized SETA_Synth/stack_overflow__54307225 -> /home/evan/gen-sets/seta/SETA_Synth/stack_overflow__54307225
[generator_gate] materialized SETA_Evolve/ask_ubuntu__160__d1 -> /home/evan/gen-sets/seta/SETA_Evolve/ask_ubuntu__160__d1
[generator_gate] materialized SETA_Evolve/ask_ubuntu__822__d1 -> /home/evan/gen-sets/seta/SETA_Evolve/ask_ubuntu__822__d1
[generator_gate] materialized SETA_Evolve/ask_ubuntu__915__b1 -> /home/evan/gen-sets/seta/SETA_Evolve/ask_ubuntu__915__b1
[generator_gate] materialized SETA_Synth/ask_ubuntu__657 -> /home/evan/gen-sets/seta/SETA_Synth/ask_ubuntu__657
[generator_gate] materialized SETA_Synth/ask_ubuntu__289 -> /home/evan/gen-sets/seta/SETA_Synth/ask_ubuntu__289
[generator_gate] materialized SETA_Evolve/ask_ubuntu__301__b1 -> /home/evan/gen-sets/seta/SETA_Evolve/ask_ubuntu__301__b1
[generator_gate] materialized SETA_Evolve/ask_ubuntu__1127__b1 -> /home/evan/gen-sets/seta/SETA_Evolve/ask_ubuntu__1127__b1
[generator_gate] materialized SETA_Evolve/ask_ubuntu__1079__d1 -> /home/evan/gen-sets/seta/SETA_Evolve/ask_ubuntu__1079__d1
[generator_gate] materialized SETA_Synth/stack_overflow__31201164 -> /home/evan/gen-sets/seta/SETA_Synth/stack_overflow__31201164
[generator_gate] materialized SETA_Synth/ask_ubuntu__381 -> /home/evan/gen-sets/seta/SETA_Synth/ask_ubuntu__381
[generator_gate] materialized SETA_Synth/kaggle_notebook__prashant111_comprehensive-guide-on-feature-selection -> /home/evan/gen-sets/seta/SETA_Synth/kaggle_notebook__prashant111_comprehensive-guide-on-feature-selection
[generator_gate] materialized SETA_Synth/stack_overflow__41837767_1 -> /home/evan/gen-sets/seta/SETA_Synth/stack_overflow__41837767_1
[generator_gate] materialized SETA_Synth/stack_overflow__52625307 -> /home/evan/gen-sets/seta/SETA_Synth/stack_overflow__52625307
[generator_gate] materialized SETA_Evolve/unix_linux_se__3052__b1 -> /home/evan/gen-sets/seta/SETA_Evolve/unix_linux_se__3052__b1
[generator_gate] materialized SETA_Synth/kaggle_notebook__nareshbhat_starter-guide-to-build-nlp-ml-model-in-pycaret -> /home/evan/gen-sets/seta/SETA_Synth/kaggle_notebook__nareshbhat_starter-guide-to-build-nlp-ml-model-in-pycaret
[generator_gate] materialized SETA_Synth/kaggle_notebook__ryanholbrook_exercise-linear-regression-with-time-series -> /home/evan/gen-sets/seta/SETA_Synth/kaggle_notebook__ryanholbrook_exercise-linear-regression-with-time-series
[generator_gate] materialized SETA_Synth/kaggle_notebook__marcovasquez_top-machine-learning-algorithms-beginner -> /home/evan/gen-sets/seta/SETA_Synth/kaggle_notebook__marcovasquez_top-machine-learning-algorithms-beginner
[generator_gate] materialized SETA_Synth/ask_ubuntu__785 -> /home/evan/gen-sets/seta/SETA_Synth/ask_ubuntu__785
[generator_gate] materialized SETA_Synth/nl2bash__720 -> /home/evan/gen-sets/seta/SETA_Synth/nl2bash__720
[generator_gate] materialized SETA_Synth/stack_overflow__3988788 -> /home/evan/gen-sets/seta/SETA_Synth/stack_overflow__3988788
[generator_gate] materialized SETA_Evolve/ask_ubuntu__549__b1 -> /home/evan/gen-sets/seta/SETA_Evolve/ask_ubuntu__549__b1
[generator_gate] materialized SETA_Evolve/ask_ubuntu__1144__d1 -> /home/evan/gen-sets/seta/SETA_Evolve/ask_ubuntu__1144__d1
[generator_gate] materialized SETA_Synth/nl2bash__678 -> /home/evan/gen-sets/seta/SETA_Synth/nl2bash__678
[generator_gate] materialized SETA_Synth/ask_ubuntu__1374 -> /home/evan/gen-sets/seta/SETA_Synth/ask_ubuntu__1374
[generator_gate] materialized SETA_Synth/nl2bash__730 -> /home/evan/gen-sets/seta/SETA_Synth/nl2bash__730
[generator_gate] materialized SETA_Evolve/ask_ubuntu__737__b1 -> /home/evan/gen-sets/seta/SETA_Evolve/ask_ubuntu__737__b1
[generator_gate] materialized SETA_Synth/stack_overflow__6833147 -> /home/evan/gen-sets/seta/SETA_Synth/stack_overflow__6833147
[generator_gate] materialized SETA_Synth/kaggle_notebook__minanabil11111212_heart-disease-logistics-regression-model -> /home/evan/gen-sets/seta/SETA_Synth/kaggle_notebook__minanabil11111212_heart-disease-logistics-regression-model
[generator_gate] materialized SETA_Synth/stack_overflow__34125 -> /home/evan/gen-sets/seta/SETA_Synth/stack_overflow__34125
[generator_gate] materialized SETA_Evolve/stack_overflow__12575990__d1 -> /home/evan/gen-sets/seta/SETA_Evolve/stack_overflow__12575990__d1
[generator_gate] materialized SETA_Synth/ask_ubuntu__397 -> /home/evan/gen-sets/seta/SETA_Synth/ask_ubuntu__397
[generator_gate] materialized SETA_Evolve/stack_overflow__61690632__b1 -> /home/evan/gen-sets/seta/SETA_Evolve/stack_overflow__61690632__b1
[generator_gate] materialized SETA_Synth/unix_linux_se__4034 -> /home/evan/gen-sets/seta/SETA_Synth/unix_linux_se__4034
[generator_gate] materialized SETA_Synth/kaggle_notebook__foxtreme_linear-regression-practice -> /home/evan/gen-sets/seta/SETA_Synth/kaggle_notebook__foxtreme_linear-regression-practice
[generator_gate] materialized SETA_Synth/ask_ubuntu__82 -> /home/evan/gen-sets/seta/SETA_Synth/ask_ubuntu__82
[generator_gate] materialized SETA_Evolve/stack_overflow__750032__b1 -> /home/evan/gen-sets/seta/SETA_Evolve/stack_overflow__750032__b1
[generator_gate] materialized SETA_Evolve/stack_overflow__471026__b1 -> /home/evan/gen-sets/seta/SETA_Evolve/stack_overflow__471026__b1
[generator_gate] materialized SETA_Synth/ask_ubuntu__196 -> /home/evan/gen-sets/seta/SETA_Synth/ask_ubuntu__196
[generator_gate] materialized SETA_Synth/kaggle_notebook__ilhansevval_llm-preprocessing-catboost -> /home/evan/gen-sets/seta/SETA_Synth/kaggle_notebook__ilhansevval_llm-preprocessing-catboost
[generator_gate] materialized SETA_Synth/unix_linux_se__459074 -> /home/evan/gen-sets/seta/SETA_Synth/unix_linux_se__459074
[generator_gate] materialized SETA_Synth/unix_linux_se__28363 -> /home/evan/gen-sets/seta/SETA_Synth/unix_linux_se__28363
[generator_gate] materialized SETA_Evolve/kaggle_notebook__markuslill_s3e26-xgbclassifer__b1 -> /home/evan/gen-sets/seta/SETA_Evolve/kaggle_notebook__markuslill_s3e26-xgbclassifer__b1
[generator_gate] materialized SETA_Evolve/ask_ubuntu__858__b1 -> /home/evan/gen-sets/seta/SETA_Evolve/ask_ubuntu__858__b1
[generator_gate] materialized SETA_Evolve/kaggle_notebook__heeraldedhia_exploratory-data-analysis-in-r__d1 -> /home/evan/gen-sets/seta/SETA_Evolve/kaggle_notebook__heeraldedhia_exploratory-data-analysis-in-r__d1
[generator_gate] materialized SETA_Evolve/ask_ubuntu__988__b1 -> /home/evan/gen-sets/seta/SETA_Evolve/ask_ubuntu__988__b1
[generator_gate] materialized SETA_Synth/stack_overflow__7993082 -> /home/evan/gen-sets/seta/SETA_Synth/stack_overflow__7993082
[generator_gate] materialized SETA_Synth/ask_ubuntu__1375 -> /home/evan/gen-sets/seta/SETA_Synth/ask_ubuntu__1375
[generator_gate] materialized SETA_Synth/nl2bash__978 -> /home/evan/gen-sets/seta/SETA_Synth/nl2bash__978
[generator_gate] materialized SETA_Evolve/ask_ubuntu__1000__b1 -> /home/evan/gen-sets/seta/SETA_Evolve/ask_ubuntu__1000__b1
[generator_gate] materialized SETA_Evolve/ask_ubuntu__1192__b1 -> /home/evan/gen-sets/seta/SETA_Evolve/ask_ubuntu__1192__b1
[generator_gate] materialized SETA_Evolve/ask_ubuntu__505__b1 -> /home/evan/gen-sets/seta/SETA_Evolve/ask_ubuntu__505__b1
[generator_gate] materialized SETA_Evolve/ask_ubuntu__798__b1 -> /home/evan/gen-sets/seta/SETA_Evolve/ask_ubuntu__798__b1
[generator_gate] materialized SETA_Evolve/ask_ubuntu__728__d1 -> /home/evan/gen-sets/seta/SETA_Evolve/ask_ubuntu__728__d1
[generator_gate] materialized SETA_Evolve/ask_ubuntu__1349__d1 -> /home/evan/gen-sets/seta/SETA_Evolve/ask_ubuntu__1349__d1
[generator_gate] materialized SETA_Synth/kaggle_notebook__arthurtok_decision-boundaries-visualised-via-python-plotly -> /home/evan/gen-sets/seta/SETA_Synth/kaggle_notebook__arthurtok_decision-boundaries-visualised-via-python-plotly
[generator_gate] materialized SETA_Synth/kaggle_notebook__abdmental01_heart-disease-prediction-binary-classification -> /home/evan/gen-sets/seta/SETA_Synth/kaggle_notebook__abdmental01_heart-disease-prediction-binary-classification
[generator_gate] materialized SETA_Synth/stack_overflow__18546321 -> /home/evan/gen-sets/seta/SETA_Synth/stack_overflow__18546321
[generator_gate] materialized SETA_Synth/stack_overflow__23853553 -> /home/evan/gen-sets/seta/SETA_Synth/stack_overflow__23853553
[generator_gate] materialized SETA_Synth/ask_ubuntu__275 -> /home/evan/gen-sets/seta/SETA_Synth/ask_ubuntu__275
[generator_gate] materialized SETA_Synth/stack_overflow__9275840 -> /home/evan/gen-sets/seta/SETA_Synth/stack_overflow__9275840
[generator_gate] materialized SETA_Evolve/ask_ubuntu__1320__d1 -> /home/evan/gen-sets/seta/SETA_Evolve/ask_ubuntu__1320__d1
[generator_gate] materialized SETA_Synth/stack_overflow__6101956 -> /home/evan/gen-sets/seta/SETA_Synth/stack_overflow__6101956
[generator_gate] materialized SETA_Synth/stack_overflow__18320051 -> /home/evan/gen-sets/seta/SETA_Synth/stack_overflow__18320051
[generator_gate] materialized SETA_Synth/stack_overflow__1816673 -> /home/evan/gen-sets/seta/SETA_Synth/stack_overflow__1816673
[generator_gate] materialized SETA_Synth/stack_overflow__1049210 -> /home/evan/gen-sets/seta/SETA_Synth/stack_overflow__1049210
[generator_gate] materialized SETA_Synth/unix_linux_se__121413 -> /home/evan/gen-sets/seta/SETA_Synth/unix_linux_se__121413
[generator_gate] materialized SETA_Synth/ask_ubuntu__497 -> /home/evan/gen-sets/seta/SETA_Synth/ask_ubuntu__497
[generator_gate] materialized SETA_Evolve/ask_ubuntu__1118__d1 -> /home/evan/gen-sets/seta/SETA_Evolve/ask_ubuntu__1118__d1
[generator_gate] materialized SETA_Evolve/ask_ubuntu__1350__d1 -> /home/evan/gen-sets/seta/SETA_Evolve/ask_ubuntu__1350__d1
[generator_gate] materialized SETA_Synth/ask_ubuntu__1111 -> /home/evan/gen-sets/seta/SETA_Synth/ask_ubuntu__1111
[generator_gate] materialized SETA_Evolve/unix_linux_se__15138__d1 -> /home/evan/gen-sets/seta/SETA_Evolve/unix_linux_se__15138__d1
[generator_gate] materialized SETA_Synth/unix_linux_se__10362 -> /home/evan/gen-sets/seta/SETA_Synth/unix_linux_se__10362
[generator_gate] materialized SETA_Synth/kaggle_notebook__crawford_exercise-time-series-modeling -> /home/evan/gen-sets/seta/SETA_Synth/kaggle_notebook__crawford_exercise-time-series-modeling
[generator_gate] materialized SETA_Synth/stack_overflow__132058 -> /home/evan/gen-sets/seta/SETA_Synth/stack_overflow__132058
[generator_gate] materialized SETA_Synth/ask_ubuntu__1148 -> /home/evan/gen-sets/seta/SETA_Synth/ask_ubuntu__1148
[generator_gate] materialized SETA_Synth/stack_overflow__5183630 -> /home/evan/gen-sets/seta/SETA_Synth/stack_overflow__5183630
[generator_gate] materialized SETA_Synth/ask_ubuntu__1079 -> /home/evan/gen-sets/seta/SETA_Synth/ask_ubuntu__1079
[generator_gate] materialized SETA_Synth/unix_linux_se__22121 -> /home/evan/gen-sets/seta/SETA_Synth/unix_linux_se__22121
[generator_gate] materialized SETA_Synth/kaggle_notebook__kushal1506_timeseries-s-p500-stockanalysis-arima-lstm -> /home/evan/gen-sets/seta/SETA_Synth/kaggle_notebook__kushal1506_timeseries-s-p500-stockanalysis-arima-lstm
[generator_gate] materialized SETA_Evolve/ask_ubuntu__1362__d1 -> /home/evan/gen-sets/seta/SETA_Evolve/ask_ubuntu__1362__d1
[generator_gate] materialized SETA_Evolve/ask_ubuntu__1284__b1 -> /home/evan/gen-sets/seta/SETA_Evolve/ask_ubuntu__1284__b1
[generator_gate] materialized SETA_Synth/ask_ubuntu__954 -> /home/evan/gen-sets/seta/SETA_Synth/ask_ubuntu__954
[generator_gate] materialized SETA_Synth/ask_ubuntu__881 -> /home/evan/gen-sets/seta/SETA_Synth/ask_ubuntu__881
[generator_gate] materialized SETA_Synth/ask_ubuntu__1063 -> /home/evan/gen-sets/seta/SETA_Synth/ask_ubuntu__1063
[generator_gate] materialized SETA_Synth/ask_ubuntu__918 -> /home/evan/gen-sets/seta/SETA_Synth/ask_ubuntu__918
[generator_gate] materialized SETA_Synth/ask_ubuntu__190 -> /home/evan/gen-sets/seta/SETA_Synth/ask_ubuntu__190
[generator_gate] materialized SETA_Evolve/ask_ubuntu__716__d1 -> /home/evan/gen-sets/seta/SETA_Evolve/ask_ubuntu__716__d1
[generator_gate] materialized SETA_Synth/ask_ubuntu__601 -> /home/evan/gen-sets/seta/SETA_Synth/ask_ubuntu__601
[generator_gate] materialized SETA_Synth/kaggle_notebook__vjchoudhary7_kmeans-clustering-in-customer-segmentation -> /home/evan/gen-sets/seta/SETA_Synth/kaggle_notebook__vjchoudhary7_kmeans-clustering-in-customer-segmentation
[generator_gate] materialized SETA_Synth/ask_ubuntu__7 -> /home/evan/gen-sets/seta/SETA_Synth/ask_ubuntu__7
[generator_gate] materialized SETA_Synth/nl2bash__974 -> /home/evan/gen-sets/seta/SETA_Synth/nl2bash__974
[generator_gate] materialized SETA_Synth/stack_overflow__26501609 -> /home/evan/gen-sets/seta/SETA_Synth/stack_overflow__26501609
[generator_gate] materialized SETA_Synth/kaggle_notebook__arunklenin_ps3e16-eda-feature-engineering-ensemble -> /home/evan/gen-sets/seta/SETA_Synth/kaggle_notebook__arunklenin_ps3e16-eda-feature-engineering-ensemble
[generator_gate] materialized SETA_Synth/nl2bash__686 -> /home/evan/gen-sets/seta/SETA_Synth/nl2bash__686
[generator_gate] materialized SETA_Synth/ask_ubuntu__148 -> /home/evan/gen-sets/seta/SETA_Synth/ask_ubuntu__148
[generator_gate] materialized SETA_Synth/unix_linux_se__136322 -> /home/evan/gen-sets/seta/SETA_Synth/unix_linux_se__136322
[generator_gate] materialized SETA_Evolve/stack_overflow__19226816__d1 -> /home/evan/gen-sets/seta/SETA_Evolve/stack_overflow__19226816__d1
[generator_gate] materialized SETA_Synth/ask_ubuntu__476 -> /home/evan/gen-sets/seta/SETA_Synth/ask_ubuntu__476
[generator_gate] materialized SETA_Synth/stack_overflow__19226816 -> /home/evan/gen-sets/seta/SETA_Synth/stack_overflow__19226816
[generator_gate] materialized SETA_Synth/stack_overflow__44727981 -> /home/evan/gen-sets/seta/SETA_Synth/stack_overflow__44727981
[generator_gate] materialized SETA_Synth/ask_ubuntu__865 -> /home/evan/gen-sets/seta/SETA_Synth/ask_ubuntu__865
[generator_gate] materialized SETA_Synth/nl2bash__777 -> /home/evan/gen-sets/seta/SETA_Synth/nl2bash__777
[generator_gate] materialized SETA_Synth/ask_ubuntu__524 -> /home/evan/gen-sets/seta/SETA_Synth/ask_ubuntu__524
[generator_gate] materialized SETA_Synth/stack_overflow__27413534 -> /home/evan/gen-sets/seta/SETA_Synth/stack_overflow__27413534
[generator_gate] materialized SETA_Synth/kaggle_notebook__jumpingmandt_sleep-data-study -> /home/evan/gen-sets/seta/SETA_Synth/kaggle_notebook__jumpingmandt_sleep-data-study
[generator_gate] materialized SETA_Evolve/ask_ubuntu__1032__b1 -> /home/evan/gen-sets/seta/SETA_Evolve/ask_ubuntu__1032__b1
[generator_gate] materialized SETA_Synth/unix_linux_se__28548 -> /home/evan/gen-sets/seta/SETA_Synth/unix_linux_se__28548
[generator_gate] materialized SETA_Evolve/stack_overflow__10050465__d1 -> /home/evan/gen-sets/seta/SETA_Evolve/stack_overflow__10050465__d1
[generator_gate] materialized SETA_Synth/unix_linux_se__16815 -> /home/evan/gen-sets/seta/SETA_Synth/unix_linux_se__16815
[generator_gate] materialized SETA_Synth/stack_overflow__11563963 -> /home/evan/gen-sets/seta/SETA_Synth/stack_overflow__11563963
[generator_gate] materialized SETA_Evolve/kaggle_notebook__mohamedsameh0410_eda-rain-prediction-random-forest-xg-boost__b1 -> /home/evan/gen-sets/seta/SETA_Evolve/kaggle_notebook__mohamedsameh0410_eda-rain-prediction-random-forest-xg-boost__b1
[generator_gate] materialized SETA_Synth/stack_overflow__32369 -> /home/evan/gen-sets/seta/SETA_Synth/stack_overflow__32369
[generator_gate] materialized SETA_Evolve/ask_ubuntu__837__b1 -> /home/evan/gen-sets/seta/SETA_Evolve/ask_ubuntu__837__b1
[generator_gate] materialized SETA_Evolve/ask_ubuntu__295__d1 -> /home/evan/gen-sets/seta/SETA_Evolve/ask_ubuntu__295__d1
[generator_gate] materialized SETA_Synth/stack_overflow__47305618 -> /home/evan/gen-sets/seta/SETA_Synth/stack_overflow__47305618
[generator_gate] materialized SETA_Evolve/ask_ubuntu__583__d1 -> /home/evan/gen-sets/seta/SETA_Evolve/ask_ubuntu__583__d1
[generator_gate] materialized SETA_Synth/stack_overflow__71460284 -> /home/evan/gen-sets/seta/SETA_Synth/stack_overflow__71460284
[generator_gate] materialized SETA_Synth/unix_linux_se__121757 -> /home/evan/gen-sets/seta/SETA_Synth/unix_linux_se__121757
[generator_gate] materialized SETA_Synth/stack_overflow__31765674 -> /home/evan/gen-sets/seta/SETA_Synth/stack_overflow__31765674
[generator_gate] materialized SETA_Evolve/ask_ubuntu__151__b1 -> /home/evan/gen-sets/seta/SETA_Evolve/ask_ubuntu__151__b1
[generator_gate] materialized SETA_Synth/stack_overflow__3964681 -> /home/evan/gen-sets/seta/SETA_Synth/stack_overflow__3964681
[generator_gate] materialized SETA_Synth/stack_overflow__2777802 -> /home/evan/gen-sets/seta/SETA_Synth/stack_overflow__2777802
[generator_gate] materialized SETA_Synth/stack_overflow__14037540 -> /home/evan/gen-sets/seta/SETA_Synth/stack_overflow__14037540
[generator_gate] materialized SETA_Evolve/ask_ubuntu__1122__d1 -> /home/evan/gen-sets/seta/SETA_Evolve/ask_ubuntu__1122__d1
[generator_gate] materialized SETA_Synth/stack_overflow__55051707 -> /home/evan/gen-sets/seta/SETA_Synth/stack_overflow__55051707
[generator_gate] materialized SETA_Evolve/ask_ubuntu__271__d1 -> /home/evan/gen-sets/seta/SETA_Evolve/ask_ubuntu__271__d1
[generator_gate] materialized SETA_Synth/kaggle_notebook__oaktechacademy_up-to-date-heart-attack-analysis-and-prediction -> /home/evan/gen-sets/seta/SETA_Synth/kaggle_notebook__oaktechacademy_up-to-date-heart-attack-analysis-and-prediction
[generator_gate] materialized SETA_Synth/stack_overflow__28224280 -> /home/evan/gen-sets/seta/SETA_Synth/stack_overflow__28224280
[generator_gate] materialized SETA_Synth/stack_overflow__51244223 -> /home/evan/gen-sets/seta/SETA_Synth/stack_overflow__51244223
[generator_gate] materialized SETA_Evolve/stack_overflow__2955402__d1 -> /home/evan/gen-sets/seta/SETA_Evolve/stack_overflow__2955402__d1
[generator_gate] materialized SETA_Synth/unix_linux_se__10077 -> /home/evan/gen-sets/seta/SETA_Synth/unix_linux_se__10077
[generator_gate] materialized SETA_Evolve/ask_ubuntu__1175__b1 -> /home/evan/gen-sets/seta/SETA_Evolve/ask_ubuntu__1175__b1
[generator_gate] materialized SETA_Synth/kaggle_notebook__lmorgan95_r-suicide-rates-in-depth-stats-insights -> /home/evan/gen-sets/seta/SETA_Synth/kaggle_notebook__lmorgan95_r-suicide-rates-in-depth-stats-insights
[generator_gate] materialized SETA_Synth/kaggle_notebook__tumpanjawat_stroke-prediction-eda-resampling-xgboost -> /home/evan/gen-sets/seta/SETA_Synth/kaggle_notebook__tumpanjawat_stroke-prediction-eda-resampling-xgboost
[generator_gate] materialized SETA_Synth/kaggle_notebook__ashydv_car-price-prediction-linear-regression -> /home/evan/gen-sets/seta/SETA_Synth/kaggle_notebook__ashydv_car-price-prediction-linear-regression
[generator_gate] materialized SETA_Synth/unix_linux_se__147261 -> /home/evan/gen-sets/seta/SETA_Synth/unix_linux_se__147261
[generator_gate] materialized SETA_Synth/ask_ubuntu__955 -> /home/evan/gen-sets/seta/SETA_Synth/ask_ubuntu__955
[generator_gate] materialized SETA_Synth/ask_ubuntu__296 -> /home/evan/gen-sets/seta/SETA_Synth/ask_ubuntu__296
[generator_gate] materialized SETA_Synth/nl2bash__077 -> /home/evan/gen-sets/seta/SETA_Synth/nl2bash__077
[generator_gate] materialized SETA_Synth/stack_overflow__51677788 -> /home/evan/gen-sets/seta/SETA_Synth/stack_overflow__51677788
[generator_gate] materialized SETA_Evolve/ask_ubuntu__7__d1 -> /home/evan/gen-sets/seta/SETA_Evolve/ask_ubuntu__7__d1
[generator_gate] materialized SETA_Synth/kaggle_notebook__ambrosm_tpsjan22-03-linear-model -> /home/evan/gen-sets/seta/SETA_Synth/kaggle_notebook__ambrosm_tpsjan22-03-linear-model
[generator_gate] materialized SETA_Synth/stack_overflow__24806183 -> /home/evan/gen-sets/seta/SETA_Synth/stack_overflow__24806183
[generator_gate] materialized SETA_Synth/stack_overflow__37383812 -> /home/evan/gen-sets/seta/SETA_Synth/stack_overflow__37383812
[generator_gate] materialized SETA_Synth/unix_linux_se__10735 -> /home/evan/gen-sets/seta/SETA_Synth/unix_linux_se__10735
[generator_gate] materialized SETA_Synth/ask_ubuntu__6 -> /home/evan/gen-sets/seta/SETA_Synth/ask_ubuntu__6
[generator_gate] materialized SETA_Synth/nl2bash__001 -> /home/evan/gen-sets/seta/SETA_Synth/nl2bash__001
[generator_gate] materialized SETA_Synth/ask_ubuntu__67 -> /home/evan/gen-sets/seta/SETA_Synth/ask_ubuntu__67
[generator_gate] materialized SETA_Synth/unix_linux_se__383460 -> /home/evan/gen-sets/seta/SETA_Synth/unix_linux_se__383460
[generator_gate] materialized SETA_Evolve/ask_ubuntu__887__d1 -> /home/evan/gen-sets/seta/SETA_Evolve/ask_ubuntu__887__d1
[generator_gate] materialized SETA_Synth/nl2bash__590 -> /home/evan/gen-sets/seta/SETA_Synth/nl2bash__590
[generator_gate] materialized SETA_Synth/kaggle_notebook__hesankazemnia_car-price-prediction-with-linear-regression -> /home/evan/gen-sets/seta/SETA_Synth/kaggle_notebook__hesankazemnia_car-price-prediction-with-linear-regression
[generator_gate] materialized SETA_Evolve/ask_ubuntu__1314__d1 -> /home/evan/gen-sets/seta/SETA_Evolve/ask_ubuntu__1314__d1
[generator_gate] materialized SETA_Synth/unix_linux_se__101867 -> /home/evan/gen-sets/seta/SETA_Synth/unix_linux_se__101867
[generator_gate] materialized SETA_Synth/stack_overflow__52609263 -> /home/evan/gen-sets/seta/SETA_Synth/stack_overflow__52609263
[generator_gate] materialized SETA_Synth/unix_linux_se__20645 -> /home/evan/gen-sets/seta/SETA_Synth/unix_linux_se__20645
[generator_gate] materialized SETA_Synth/kaggle_notebook__mahnazarjmand_car-data-prediction-with-linear-regression -> /home/evan/gen-sets/seta/SETA_Synth/kaggle_notebook__mahnazarjmand_car-data-prediction-with-linear-regression
[generator_gate] materialized SETA_Evolve/ask_ubuntu__13__d1 -> /home/evan/gen-sets/seta/SETA_Evolve/ask_ubuntu__13__d1
[generator_gate] materialized SETA_Synth/ask_ubuntu__516 -> /home/evan/gen-sets/seta/SETA_Synth/ask_ubuntu__516
[generator_gate] materialized SETA_Synth/nl2bash__044 -> /home/evan/gen-sets/seta/SETA_Synth/nl2bash__044
[generator_gate] materialized SETA_Synth/ask_ubuntu__165 -> /home/evan/gen-sets/seta/SETA_Synth/ask_ubuntu__165
[generator_gate] materialized SETA_Synth/ask_ubuntu__274 -> /home/evan/gen-sets/seta/SETA_Synth/ask_ubuntu__274
[generator_gate] materialized SETA_Evolve/nl2bash__nl2bash_task_024__d1 -> /home/evan/gen-sets/seta/SETA_Evolve/nl2bash__nl2bash_task_024__d1
[generator_gate] materialized SETA_Synth/ask_ubuntu__903 -> /home/evan/gen-sets/seta/SETA_Synth/ask_ubuntu__903
[generator_gate] materialized SETA_Synth/stack_overflow__37361145 -> /home/evan/gen-sets/seta/SETA_Synth/stack_overflow__37361145
[generator_gate] materialized SETA_Synth/unix_linux_se__199482 -> /home/evan/gen-sets/seta/SETA_Synth/unix_linux_se__199482
[generator_gate] materialized SETA_Synth/ask_ubuntu__79 -> /home/evan/gen-sets/seta/SETA_Synth/ask_ubuntu__79
[generator_gate] materialized SETA_Synth/ask_ubuntu__143 -> /home/evan/gen-sets/seta/SETA_Synth/ask_ubuntu__143
[generator_gate] materialized SETA_Synth/ask_ubuntu__570 -> /home/evan/gen-sets/seta/SETA_Synth/ask_ubuntu__570
[generator_gate] materialized SETA_Synth/unix_linux_se__14312 -> /home/evan/gen-sets/seta/SETA_Synth/unix_linux_se__14312
[generator_gate] materialized SETA_Synth/nl2bash__771 -> /home/evan/gen-sets/seta/SETA_Synth/nl2bash__771
[generator_gate] materialized SETA_Synth/kaggle_notebook__ryanholbrook_exercise-seasonality -> /home/evan/gen-sets/seta/SETA_Synth/kaggle_notebook__ryanholbrook_exercise-seasonality
[generator_gate] materialized SETA_Synth/kaggle_notebook__chirag19_time-series-analysis-with-python-beginner -> /home/evan/gen-sets/seta/SETA_Synth/kaggle_notebook__chirag19_time-series-analysis-with-python-beginner
[generator_gate] materialized SETA_Synth/stack_overflow__75282917 -> /home/evan/gen-sets/seta/SETA_Synth/stack_overflow__75282917
[generator_gate] materialized SETA_Synth/stack_overflow__16570523_1 -> /home/evan/gen-sets/seta/SETA_Synth/stack_overflow__16570523_1
[generator_gate] materialized SETA_Evolve/stack_overflow__2305973__b1 -> /home/evan/gen-sets/seta/SETA_Evolve/stack_overflow__2305973__b1
[generator_gate] materialized SETA_Evolve/ask_ubuntu__568__d1 -> /home/evan/gen-sets/seta/SETA_Evolve/ask_ubuntu__568__d1
[generator_gate] materialized SETA_Synth/unix_linux_se__17257 -> /home/evan/gen-sets/seta/SETA_Synth/unix_linux_se__17257
[generator_gate] materialized SETA_Synth/kaggle_notebook__arezalo_diabetes-logistic-regression -> /home/evan/gen-sets/seta/SETA_Synth/kaggle_notebook__arezalo_diabetes-logistic-regression
[generator_gate] materialized SETA_Synth/ask_ubuntu__66 -> /home/evan/gen-sets/seta/SETA_Synth/ask_ubuntu__66
[generator_gate] materialized SETA_Synth/nl2bash__894 -> /home/evan/gen-sets/seta/SETA_Synth/nl2bash__894
[generator_gate] materialized SETA_Synth/stack_overflow__45040312 -> /home/evan/gen-sets/seta/SETA_Synth/stack_overflow__45040312
[generator_gate] materialized SETA_Synth/kaggle_notebook__dirgahalimsusilo_klasifikasi-penyakit-jantung -> /home/evan/gen-sets/seta/SETA_Synth/kaggle_notebook__dirgahalimsusilo_klasifikasi-penyakit-jantung
[generator_gate] materialized SETA_Synth/unix_linux_se__83260 -> /home/evan/gen-sets/seta/SETA_Synth/unix_linux_se__83260
[generator_gate] materialized SETA_Evolve/ask_ubuntu__1347__d1 -> /home/evan/gen-sets/seta/SETA_Evolve/ask_ubuntu__1347__d1
[generator_gate] materialized SETA_Evolve/ask_ubuntu__1280__d1 -> /home/evan/gen-sets/seta/SETA_Evolve/ask_ubuntu__1280__d1
[generator_gate] materialized SETA_Synth/stack_overflow__12290023 -> /home/evan/gen-sets/seta/SETA_Synth/stack_overflow__12290023
[generator_gate] manifest data/gold/gen_gate_seta_manifest.json: N=4569 n=200 seed='gen-gate-seta-v0' tasks_on_disk=200
{
  "manifest": "data/gold/gen_gate_seta_manifest.json",
  "generator": "seta",
  "N": 4569,
  "n": 200,
  "seed": "gen-gate-seta-v0",
  "extract_dir": "/home/evan/gen-sets/seta-gate-extract/seta"
}
=== seta run 2026-09-14T01:00:49-04:00
[generator_gate] tasks=200 k=2 concurrency=3 resume_rows=0 done=0 budget_sec=86400
[generator_gate] SETA_Synth/kaggle_notebook__ryanholbrook_exercise-forecasting-with-machine-learning nop r0 status=executed reward=0.0 elapsed=135.0s remaining=86265s
[generator_gate] SETA_Synth/kaggle_notebook__ryanholbrook_exercise-forecasting-with-machine-learning nop r1 status=executed reward=0.0 elapsed=30.0s remaining=86235s
[generator_gate] SETA_Synth/kaggle_notebook__ryanholbrook_exercise-forecasting-with-machine-learning oracle r0 status=executed reward=1.0 elapsed=285.0s remaining=86115s
[generator_gate] SETA_Synth/kaggle_notebook__ryanholbrook_exercise-forecasting-with-machine-learning oracle r1 status=executed reward=1.0 elapsed=285.0s remaining=86115s
[generator_gate] SETA_Evolve/ask_ubuntu__1062__d1 oracle r0 status=executed reward=1.0 elapsed=70.0s remaining=86045s
[generator_gate] SETA_Evolve/ask_ubuntu__1062__d1 nop r0 status=executed reward=0.0 elapsed=70.0s remaining=86045s
[generator_gate] SETA_Evolve/ask_ubuntu__1062__d1 oracle r1 status=executed reward=1.0 elapsed=70.0s remaining=86045s
[generator_gate] SETA_Evolve/ask_ubuntu__1062__d1 nop r1 status=executed reward=0.0 elapsed=35.0s remaining=86010s
[generator_gate] SETA_Synth/ask_ubuntu__466 oracle r0 status=executed reward=1.0 elapsed=40.0s remaining=85970s
[generator_gate] SETA_Synth/ask_ubuntu__466 oracle r1 status=executed reward=1.0 elapsed=40.0s remaining=85970s
[generator_gate] SETA_Synth/ask_ubuntu__466 nop r0 status=executed reward=0.0 elapsed=40.0s remaining=85970s
[generator_gate] SETA_Synth/ask_ubuntu__466 nop r1 status=executed reward=0.0 elapsed=30.0s remaining=85940s
[generator_gate] SETA_Evolve/kaggle_notebook__nsrose7224_random-forest-regressor-accuracy-0-91__b1 nop r0 status=executed reward=0.0 elapsed=160.0s remaining=85780s
[generator_gate] SETA_Evolve/kaggle_notebook__nsrose7224_random-forest-regressor-accuracy-0-91__b1 nop r1 status=executed reward=0.0 elapsed=40.0s remaining=85740s
[generator_gate] SETA_Evolve/kaggle_notebook__nsrose7224_random-forest-regressor-accuracy-0-91__b1 oracle r1 status=executed reward=1.0 elapsed=830.0s remaining=85109s
[generator_gate] SETA_Evolve/kaggle_notebook__nsrose7224_random-forest-regressor-accuracy-0-91__b1 oracle r0 status=executed reward=1.0 elapsed=835.0s remaining=85104s
[generator_gate] SETA_Synth/stack_overflow__491376 nop r0 status=executed reward=0.0 elapsed=65.0s remaining=85039s
[generator_gate] SETA_Synth/stack_overflow__491376 oracle r0 status=executed reward=1.0 elapsed=70.0s remaining=85034s
[generator_gate] SETA_Synth/stack_overflow__491376 oracle r1 status=executed reward=1.0 elapsed=70.0s remaining=85034s
[generator_gate] SETA_Synth/stack_overflow__491376 nop r1 status=executed reward=0.0 elapsed=45.0s remaining=84994s
[generator_gate] SETA_Synth/stack_overflow__50392783 nop r0 status=executed reward=0.0 elapsed=65.0s remaining=84929s
[generator_gate] SETA_Synth/stack_overflow__50392783 oracle r1 status=executed reward=1.0 elapsed=70.0s remaining=84924s
[generator_gate] SETA_Synth/stack_overflow__50392783 oracle r0 status=executed reward=1.0 elapsed=70.0s remaining=84924s
[generator_gate] SETA_Synth/stack_overflow__50392783 nop r1 status=executed reward=0.0 elapsed=35.0s remaining=84894s
[generator_gate] SETA_Synth/ask_ubuntu__559 oracle r1 status=executed reward=1.0 elapsed=55.0s remaining=84839s
[generator_gate] SETA_Synth/ask_ubuntu__559 nop r0 status=executed reward=0.0 elapsed=55.0s remaining=84839s
[generator_gate] SETA_Synth/ask_ubuntu__559 oracle r0 status=executed reward=1.0 elapsed=60.0s remaining=84834s
[generator_gate] SETA_Synth/ask_ubuntu__559 nop r1 status=executed reward=0.0 elapsed=30.0s remaining=84809s
[generator_gate] SETA_Synth/stack_overflow__1013493 nop r0 status=executed reward=0.0 elapsed=40.0s remaining=84769s
[generator_gate] SETA_Synth/stack_overflow__1013493 oracle r0 status=executed reward=1.0 elapsed=40.0s remaining=84769s
[generator_gate] SETA_Synth/stack_overflow__1013493 oracle r1 status=executed reward=1.0 elapsed=40.0s remaining=84769s
[generator_gate] SETA_Synth/stack_overflow__1013493 nop r1 status=executed reward=0.0 elapsed=30.0s remaining=84739s
[generator_gate] SETA_Synth/kaggle_notebook__melissamonfared_car-price-prediction-eda-linear-regression nop r0 status=executed reward=0.0 elapsed=75.0s remaining=84664s
[generator_gate] SETA_Synth/kaggle_notebook__melissamonfared_car-price-prediction-eda-linear-regression oracle r0 status=executed reward=1.0 elapsed=85.0s remaining=84654s
[generator_gate] SETA_Synth/kaggle_notebook__melissamonfared_car-price-prediction-eda-linear-regression oracle r1 status=executed reward=1.0 elapsed=85.0s remaining=84654s
[generator_gate] SETA_Synth/kaggle_notebook__melissamonfared_car-price-prediction-eda-linear-regression nop r1 status=executed reward=0.0 elapsed=25.0s remaining=84639s
[generator_gate] SETA_Evolve/unix_linux_se__3568__b1 nop r0 status=executed reward=0.0 elapsed=75.0s remaining=84564s
[generator_gate] SETA_Evolve/unix_linux_se__3568__b1 oracle r1 status=executed reward=1.0 elapsed=80.0s remaining=84559s
[generator_gate] SETA_Evolve/unix_linux_se__3568__b1 oracle r0 status=executed reward=1.0 elapsed=80.0s remaining=84559s
[generator_gate] SETA_Evolve/unix_linux_se__3568__b1 nop r1 status=executed reward=0.0 elapsed=25.0s remaining=84539s
[generator_gate] SETA_Synth/nl2bash__581 oracle r0 status=executed reward=1.0 elapsed=80.0s remaining=84458s
[generator_gate] SETA_Synth/nl2bash__581 oracle r1 status=executed reward=1.0 elapsed=80.0s remaining=84458s
[generator_gate] SETA_Synth/nl2bash__581 nop r0 status=executed reward=0.0 elapsed=80.0s remaining=84458s
[generator_gate] SETA_Synth/nl2bash__581 nop r1 status=executed reward=0.0 elapsed=35.0s remaining=84423s
[generator_gate] SETA_Synth/nl2bash__641 oracle r0 status=executed reward=1.0 elapsed=75.0s remaining=84348s
[generator_gate] SETA_Synth/nl2bash__641 nop r0 status=executed reward=0.0 elapsed=75.0s remaining=84348s
[generator_gate] SETA_Synth/nl2bash__641 oracle r1 status=executed reward=1.0 elapsed=75.0s remaining=84348s
[generator_gate] SETA_Synth/nl2bash__641 nop r1 status=executed reward=0.0 elapsed=30.0s remaining=84318s
[generator_gate] SETA_Synth/stack_overflow__54307225 oracle r0 status=executed reward=1.0 elapsed=75.0s remaining=84243s
[generator_gate] SETA_Synth/stack_overflow__54307225 nop r0 status=executed reward=0.0 elapsed=75.0s remaining=84243s
[generator_gate] SETA_Synth/stack_overflow__54307225 oracle r1 status=executed reward=1.0 elapsed=75.0s remaining=84243s
[generator_gate] SETA_Synth/stack_overflow__54307225 nop r1 status=executed reward=0.0 elapsed=35.0s remaining=84208s
[generator_gate] SETA_Evolve/ask_ubuntu__160__d1 nop r0 status=executed reward=0.0 elapsed=70.0s remaining=84138s
[generator_gate] SETA_Evolve/ask_ubuntu__160__d1 oracle r1 status=executed reward=1.0 elapsed=75.0s remaining=84133s
[generator_gate] SETA_Evolve/ask_ubuntu__160__d1 oracle r0 status=executed reward=1.0 elapsed=75.0s remaining=84133s
[generator_gate] SETA_Evolve/ask_ubuntu__160__d1 nop r1 status=executed reward=0.0 elapsed=30.0s remaining=84108s
[generator_gate] SETA_Evolve/ask_ubuntu__822__d1 oracle r0 status=executed reward=1.0 elapsed=85.0s remaining=84023s
[generator_gate] SETA_Evolve/ask_ubuntu__822__d1 oracle r1 status=executed reward=1.0 elapsed=85.0s remaining=84023s
[generator_gate] SETA_Evolve/ask_ubuntu__822__d1 nop r0 status=executed reward=0.0 elapsed=85.0s remaining=84023s
[generator_gate] SETA_Evolve/ask_ubuntu__822__d1 nop r1 status=executed reward=0.0 elapsed=35.0s remaining=83988s
[generator_gate] SETA_Evolve/ask_ubuntu__915__b1 nop r0 status=executed reward=0.0 elapsed=75.0s remaining=83913s
[generator_gate] SETA_Evolve/ask_ubuntu__915__b1 oracle r0 status=executed reward=1.0 elapsed=75.0s remaining=83913s
[generator_gate] SETA_Evolve/ask_ubuntu__915__b1 oracle r1 status=executed reward=1.0 elapsed=75.0s remaining=83913s
[generator_gate] SETA_Evolve/ask_ubuntu__915__b1 nop r1 status=executed reward=0.0 elapsed=35.0s remaining=83878s
[generator_gate] SETA_Synth/ask_ubuntu__657 oracle r0 status=executed reward=1.0 elapsed=45.0s remaining=83833s
[generator_gate] SETA_Synth/ask_ubuntu__657 oracle r1 status=executed reward=1.0 elapsed=45.0s remaining=83833s
[generator_gate] SETA_Synth/ask_ubuntu__657 nop r0 status=executed reward=0.0 elapsed=45.0s remaining=83833s
[generator_gate] SETA_Synth/ask_ubuntu__657 nop r1 status=executed reward=0.0 elapsed=30.0s remaining=83803s
[generator_gate] SETA_Synth/ask_ubuntu__289 nop r0 status=executed reward=0.0 elapsed=35.0s remaining=83767s
[generator_gate] SETA_Synth/ask_ubuntu__289 oracle r0 status=executed reward=1.0 elapsed=40.0s remaining=83762s
[generator_gate] SETA_Synth/ask_ubuntu__289 oracle r1 status=executed reward=1.0 elapsed=40.0s remaining=83762s
[generator_gate] SETA_Synth/ask_ubuntu__289 nop r1 status=executed reward=0.0 elapsed=30.0s remaining=83737s
[generator_gate] SETA_Evolve/ask_ubuntu__301__b1 oracle r1 status=executed reward=1.0 elapsed=110.0s remaining=83627s
[generator_gate] SETA_Evolve/ask_ubuntu__301__b1 oracle r0 status=executed reward=1.0 elapsed=110.0s remaining=83627s
[generator_gate] SETA_Evolve/ask_ubuntu__301__b1 nop r0 status=executed reward=0.0 elapsed=110.0s remaining=83627s
[generator_gate] SETA_Evolve/ask_ubuntu__301__b1 nop r1 status=executed reward=0.0 elapsed=40.0s remaining=83587s
[generator_gate] SETA_Evolve/ask_ubuntu__1127__b1 nop r0 status=executed reward=0.0 elapsed=95.0s remaining=83492s
[generator_gate] SETA_Evolve/ask_ubuntu__1127__b1 oracle r1 status=executed reward=1.0 elapsed=95.0s remaining=83492s
[generator_gate] SETA_Evolve/ask_ubuntu__1127__b1 oracle r0 status=executed reward=1.0 elapsed=100.0s remaining=83487s
[generator_gate] SETA_Evolve/ask_ubuntu__1127__b1 nop r1 status=executed reward=0.0 elapsed=35.0s remaining=83457s
[generator_gate] prune after 20 tasks: images=0B builder=19560000000B
[generator_gate] SETA_Evolve/ask_ubuntu__1079__d1 oracle r0 status=executed reward=1.0 elapsed=150.0s remaining=83297s
[generator_gate] SETA_Evolve/ask_ubuntu__1079__d1 oracle r1 status=executed reward=1.0 elapsed=150.0s remaining=83297s
[generator_gate] SETA_Evolve/ask_ubuntu__1079__d1 nop r0 status=executed reward=0.0 elapsed=150.0s remaining=83297s
[generator_gate] SETA_Evolve/ask_ubuntu__1079__d1 nop r1 status=executed reward=0.0 elapsed=40.0s remaining=83257s
[generator_gate] SETA_Synth/stack_overflow__31201164 nop r0 status=executed reward=0.0 elapsed=120.0s remaining=83137s
[generator_gate] SETA_Synth/stack_overflow__31201164 oracle r0 status=executed reward=1.0 elapsed=125.0s remaining=83132s
[generator_gate] SETA_Synth/stack_overflow__31201164 oracle r1 status=executed reward=1.0 elapsed=125.0s remaining=83132s
[generator_gate] SETA_Synth/stack_overflow__31201164 nop r1 status=executed reward=0.0 elapsed=40.0s remaining=83097s
[generator_gate] SETA_Synth/ask_ubuntu__381 oracle r1 status=executed reward=1.0 elapsed=45.0s remaining=83051s
[generator_gate] SETA_Synth/ask_ubuntu__381 nop r0 status=executed reward=0.0 elapsed=45.0s remaining=83051s
[generator_gate] SETA_Synth/ask_ubuntu__381 oracle r0 status=executed reward=1.0 elapsed=45.0s remaining=83051s
[generator_gate] SETA_Synth/ask_ubuntu__381 nop r1 status=executed reward=0.0 elapsed=35.0s remaining=83016s
[generator_gate] SETA_Synth/kaggle_notebook__prashant111_comprehensive-guide-on-feature-selection nop r0 status=executed reward=0.0 elapsed=85.0s remaining=82931s
[generator_gate] SETA_Synth/kaggle_notebook__prashant111_comprehensive-guide-on-feature-selection oracle r0 status=executed reward=1.0 elapsed=95.0s remaining=82921s
[generator_gate] SETA_Synth/kaggle_notebook__prashant111_comprehensive-guide-on-feature-selection oracle r1 status=executed reward=1.0 elapsed=95.0s remaining=82921s
[generator_gate] SETA_Synth/kaggle_notebook__prashant111_comprehensive-guide-on-feature-selection nop r1 status=executed reward=0.0 elapsed=30.0s remaining=82901s
[generator_gate] SETA_Synth/stack_overflow__41837767_1 nop r0 status=executed reward=0.0 elapsed=50.0s remaining=82851s
[generator_gate] SETA_Synth/stack_overflow__41837767_1 oracle r0 status=executed reward=1.0 elapsed=50.0s remaining=82851s
[generator_gate] SETA_Synth/stack_overflow__41837767_1 oracle r1 status=executed reward=1.0 elapsed=50.0s remaining=82851s
[generator_gate] SETA_Synth/stack_overflow__41837767_1 nop r1 status=executed reward=0.0 elapsed=30.0s remaining=82821s
[generator_gate] SETA_Synth/stack_overflow__52625307 nop r0 status=executed reward=0.0 elapsed=95.0s remaining=82726s
[generator_gate] SETA_Synth/stack_overflow__52625307 oracle r0 status=executed reward=1.0 elapsed=100.0s remaining=82721s
[generator_gate] SETA_Synth/stack_overflow__52625307 oracle r1 status=executed reward=1.0 elapsed=100.0s remaining=82721s
[generator_gate] SETA_Synth/stack_overflow__52625307 nop r1 status=executed reward=0.0 elapsed=40.0s remaining=82686s
[generator_gate] SETA_Evolve/unix_linux_se__3052__b1 nop r0 status=executed reward=0.0 elapsed=70.0s remaining=82616s
[generator_gate] SETA_Evolve/unix_linux_se__3052__b1 oracle r0 status=executed reward=1.0 elapsed=70.0s remaining=82616s
[generator_gate] SETA_Evolve/unix_linux_se__3052__b1 oracle r1 status=executed reward=1.0 elapsed=70.0s remaining=82616s
[generator_gate] SETA_Evolve/unix_linux_se__3052__b1 nop r1 status=executed reward=0.0 elapsed=35.0s remaining=82581s
[generator_gate] SETA_Synth/kaggle_notebook__nareshbhat_starter-guide-to-build-nlp-ml-model-in-pycaret nop r0 status=executed reward=0.0 elapsed=85.0s remaining=82496s
[generator_gate] SETA_Synth/kaggle_notebook__nareshbhat_starter-guide-to-build-nlp-ml-model-in-pycaret oracle r0 status=executed reward=1.0 elapsed=95.0s remaining=82486s
[generator_gate] SETA_Synth/kaggle_notebook__nareshbhat_starter-guide-to-build-nlp-ml-model-in-pycaret oracle r1 status=executed reward=1.0 elapsed=95.0s remaining=82486s
[generator_gate] SETA_Synth/kaggle_notebook__nareshbhat_starter-guide-to-build-nlp-ml-model-in-pycaret nop r1 status=executed reward=0.0 elapsed=25.0s remaining=82471s
[generator_gate] SETA_Synth/kaggle_notebook__ryanholbrook_exercise-linear-regression-with-time-series nop r0 status=executed reward=0.0 elapsed=80.0s remaining=82391s
[generator_gate] SETA_Synth/kaggle_notebook__ryanholbrook_exercise-linear-regression-with-time-series oracle r0 status=executed reward=1.0 elapsed=85.0s remaining=82386s
[generator_gate] SETA_Synth/kaggle_notebook__ryanholbrook_exercise-linear-regression-with-time-series oracle r1 status=executed reward=1.0 elapsed=85.0s remaining=82386s
[generator_gate] SETA_Synth/kaggle_notebook__ryanholbrook_exercise-linear-regression-with-time-series nop r1 status=executed reward=0.0 elapsed=30.0s remaining=82361s
[generator_gate] SETA_Synth/kaggle_notebook__marcovasquez_top-machine-learning-algorithms-beginner nop r0 status=executed reward=0.0 elapsed=75.0s remaining=82285s
[generator_gate] SETA_Synth/kaggle_notebook__marcovasquez_top-machine-learning-algorithms-beginner oracle r1 status=executed reward=1.0 elapsed=95.0s remaining=82265s
[generator_gate] SETA_Synth/kaggle_notebook__marcovasquez_top-machine-learning-algorithms-beginner oracle r0 status=executed reward=1.0 elapsed=95.0s remaining=82265s
[generator_gate] SETA_Synth/kaggle_notebook__marcovasquez_top-machine-learning-algorithms-beginner nop r1 status=executed reward=0.0 elapsed=35.0s remaining=82250s
[generator_gate] SETA_Synth/ask_ubuntu__785 nop r0 status=executed reward=0.0 elapsed=60.0s remaining=82190s
[generator_gate] SETA_Synth/ask_ubuntu__785 oracle r0 status=executed reward=1.0 elapsed=60.0s remaining=82190s
[generator_gate] SETA_Synth/ask_ubuntu__785 oracle r1 status=executed reward=1.0 elapsed=65.0s remaining=82185s
[generator_gate] SETA_Synth/ask_ubuntu__785 nop r1 status=executed reward=0.0 elapsed=30.0s remaining=82160s
[generator_gate] SETA_Synth/nl2bash__720 nop r0 status=executed reward=0.0 elapsed=40.0s remaining=82120s
[generator_gate] SETA_Synth/nl2bash__720 oracle r0 status=executed reward=1.0 elapsed=45.0s remaining=82115s
[generator_gate] SETA_Synth/nl2bash__720 oracle r1 status=executed reward=1.0 elapsed=45.0s remaining=82115s
[generator_gate] SETA_Synth/nl2bash__720 nop r1 status=executed reward=0.0 elapsed=25.0s remaining=82095s
[generator_gate] SETA_Synth/stack_overflow__3988788 oracle r1 status=executed reward=1.0 elapsed=30.0s remaining=82065s
[generator_gate] SETA_Synth/stack_overflow__3988788 nop r0 status=executed reward=0.0 elapsed=30.0s remaining=82065s
[generator_gate] SETA_Synth/stack_overflow__3988788 oracle r0 status=executed reward=1.0 elapsed=35.0s remaining=82060s
[generator_gate] SETA_Synth/stack_overflow__3988788 nop r1 status=executed reward=0.0 elapsed=20.0s remaining=82045s
[generator_gate] SETA_Evolve/ask_ubuntu__549__b1 nop r0 status=executed reward=0.0 elapsed=70.0s remaining=81975s
[generator_gate] SETA_Evolve/ask_ubuntu__549__b1 oracle r0 status=executed reward=1.0 elapsed=70.0s remaining=81975s
[generator_gate] SETA_Evolve/ask_ubuntu__549__b1 oracle r1 status=executed reward=1.0 elapsed=75.0s remaining=81970s
[generator_gate] SETA_Evolve/ask_ubuntu__549__b1 nop r1 status=executed reward=0.0 elapsed=30.0s remaining=81945s
[generator_gate] SETA_Evolve/ask_ubuntu__1144__d1 nop r0 status=executed reward=0.0 elapsed=75.0s remaining=81870s
[generator_gate] SETA_Evolve/ask_ubuntu__1144__d1 oracle r0 status=executed reward=1.0 elapsed=80.0s remaining=81865s
[generator_gate] SETA_Evolve/ask_ubuntu__1144__d1 oracle r1 status=executed reward=1.0 elapsed=80.0s remaining=81865s
[generator_gate] SETA_Evolve/ask_ubuntu__1144__d1 nop r1 status=executed reward=0.0 elapsed=30.0s remaining=81840s
[generator_gate] SETA_Synth/nl2bash__678 oracle r1 status=executed reward=1.0 elapsed=80.0s remaining=81760s
[generator_gate] SETA_Synth/nl2bash__678 nop r0 status=executed reward=0.0 elapsed=80.0s remaining=81760s
[generator_gate] SETA_Synth/nl2bash__678 oracle r0 status=executed reward=1.0 elapsed=80.0s remaining=81760s
[generator_gate] SETA_Synth/nl2bash__678 nop r1 status=executed reward=0.0 elapsed=35.0s remaining=81725s
[generator_gate] SETA_Synth/ask_ubuntu__1374 oracle r0 status=executed reward=1.0 elapsed=185.0s remaining=81539s
[generator_gate] SETA_Synth/ask_ubuntu__1374 oracle r1 status=executed reward=1.0 elapsed=185.0s remaining=81539s
[generator_gate] SETA_Synth/ask_ubuntu__1374 nop r0 status=executed reward=0.0 elapsed=185.0s remaining=81539s
[generator_gate] SETA_Synth/ask_ubuntu__1374 nop r1 status=executed reward=0.0 elapsed=40.0s remaining=81499s
[generator_gate] SETA_Synth/nl2bash__730 oracle r1 status=executed reward=1.0 elapsed=45.0s remaining=81454s
[generator_gate] SETA_Synth/nl2bash__730 oracle r0 status=executed reward=1.0 elapsed=45.0s remaining=81454s
[generator_gate] SETA_Synth/nl2bash__730 nop r0 status=executed reward=0.0 elapsed=45.0s remaining=81454s
[generator_gate] SETA_Synth/nl2bash__730 nop r1 status=executed reward=0.0 elapsed=30.0s remaining=81424s
[generator_gate] SETA_Evolve/ask_ubuntu__737__b1 nop r0 status=executed reward=0.0 elapsed=45.0s remaining=81379s
[generator_gate] SETA_Evolve/ask_ubuntu__737__b1 oracle r1 status=executed reward=1.0 elapsed=50.0s remaining=81374s
[generator_gate] SETA_Evolve/ask_ubuntu__737__b1 oracle r0 status=executed reward=1.0 elapsed=50.0s remaining=81374s
[generator_gate] SETA_Evolve/ask_ubuntu__737__b1 nop r1 status=executed reward=0.0 elapsed=25.0s remaining=81354s
[generator_gate] SETA_Synth/stack_overflow__6833147 oracle r1 status=executed reward=1.0 elapsed=115.0s remaining=81239s
[generator_gate] SETA_Synth/stack_overflow__6833147 nop r0 status=executed reward=0.0 elapsed=115.0s remaining=81239s
[generator_gate] SETA_Synth/stack_overflow__6833147 oracle r0 status=executed reward=1.0 elapsed=115.0s remaining=81239s
[generator_gate] SETA_Synth/stack_overflow__6833147 nop r1 status=executed reward=0.0 elapsed=30.0s remaining=81209s
[generator_gate] prune after 40 tasks: images=0B builder=16700000000B
[generator_gate] SETA_Synth/kaggle_notebook__minanabil11111212_heart-disease-logistics-regression-model nop r0 status=executed reward=0.0 elapsed=50.0s remaining=81147s
[generator_gate] SETA_Synth/kaggle_notebook__minanabil11111212_heart-disease-logistics-regression-model oracle r1 status=executed reward=1.0 elapsed=55.0s remaining=81142s
[generator_gate] SETA_Synth/kaggle_notebook__minanabil11111212_heart-disease-logistics-regression-model oracle r0 status=executed reward=1.0 elapsed=60.0s remaining=81137s
[generator_gate] SETA_Synth/kaggle_notebook__minanabil11111212_heart-disease-logistics-regression-model nop r1 status=executed reward=0.0 elapsed=30.0s remaining=81117s
[generator_gate] SETA_Synth/stack_overflow__34125 oracle r1 status=executed reward=1.0 elapsed=75.0s remaining=81042s
[generator_gate] SETA_Synth/stack_overflow__34125 oracle r0 status=executed reward=1.0 elapsed=75.0s remaining=81042s
[generator_gate] SETA_Synth/stack_overflow__34125 nop r0 status=executed reward=0.0 elapsed=75.0s remaining=81042s
[generator_gate] SETA_Synth/stack_overflow__34125 nop r1 status=executed reward=0.0 elapsed=30.0s remaining=81012s
[generator_gate] SETA_Evolve/stack_overflow__12575990__d1 nop r0 status=executed reward=0.0 elapsed=70.0s remaining=80942s
[generator_gate] SETA_Evolve/stack_overflow__12575990__d1 oracle r0 status=executed reward=1.0 elapsed=70.0s remaining=80942s
[generator_gate] SETA_Evolve/stack_overflow__12575990__d1 oracle r1 status=executed reward=1.0 elapsed=70.0s remaining=80942s
[generator_gate] SETA_Evolve/stack_overflow__12575990__d1 nop r1 status=executed reward=0.0 elapsed=35.0s remaining=80907s
[generator_gate] SETA_Synth/ask_ubuntu__397 oracle r1 status=executed reward=1.0 elapsed=40.0s remaining=80867s
[generator_gate] SETA_Synth/ask_ubuntu__397 oracle r0 status=executed reward=1.0 elapsed=40.0s remaining=80867s
[generator_gate] SETA_Synth/ask_ubuntu__397 nop r0 status=executed reward=0.0 elapsed=40.0s remaining=80867s
[generator_gate] SETA_Synth/ask_ubuntu__397 nop r1 status=executed reward=0.0 elapsed=35.0s remaining=80832s
[generator_gate] SETA_Evolve/stack_overflow__61690632__b1 nop r0 status=executed reward=0.0 elapsed=85.2s remaining=80746s
[generator_gate] SETA_Evolve/stack_overflow__61690632__b1 oracle r0 status=executed reward=1.0 elapsed=85.2s remaining=80746s
[generator_gate] SETA_Evolve/stack_overflow__61690632__b1 oracle r1 status=executed reward=1.0 elapsed=90.1s remaining=80741s
[generator_gate] SETA_Evolve/stack_overflow__61690632__b1 nop r1 status=executed reward=0.0 elapsed=40.1s remaining=80706s
[generator_gate] SETA_Synth/unix_linux_se__4034 nop r0 status=executed reward=0.0 elapsed=55.0s remaining=80651s
[generator_gate] SETA_Synth/unix_linux_se__4034 oracle r0 status=executed reward=1.0 elapsed=85.1s remaining=80621s
[generator_gate] SETA_Synth/unix_linux_se__4034 oracle r1 status=executed reward=1.0 elapsed=85.1s remaining=80621s
[generator_gate] SETA_Synth/unix_linux_se__4034 nop r1 status=executed reward=0.0 elapsed=30.1s remaining=80621s
[generator_gate] SETA_Synth/kaggle_notebook__foxtreme_linear-regression-practice nop r0 status=executed reward=0.0 elapsed=100.0s remaining=80520s
[generator_gate] SETA_Synth/kaggle_notebook__foxtreme_linear-regression-practice oracle r1 status=executed reward=1.0 elapsed=120.1s remaining=80500s
[generator_gate] SETA_Synth/kaggle_notebook__foxtreme_linear-regression-practice oracle r0 status=executed reward=1.0 elapsed=120.2s remaining=80500s
[generator_gate] SETA_Synth/kaggle_notebook__foxtreme_linear-regression-practice nop r1 status=executed reward=0.0 elapsed=35.2s remaining=80485s
[generator_gate] SETA_Synth/ask_ubuntu__82 nop r0 status=executed reward=0.0 elapsed=35.1s remaining=80449s
[generator_gate] SETA_Synth/ask_ubuntu__82 oracle r1 status=executed reward=1.0 elapsed=40.1s remaining=80444s
[generator_gate] SETA_Synth/ask_ubuntu__82 oracle r0 status=executed reward=1.0 elapsed=45.0s remaining=80439s
[generator_gate] SETA_Synth/ask_ubuntu__82 nop r1 status=executed reward=0.0 elapsed=40.2s remaining=80409s
[generator_gate] SETA_Evolve/stack_overflow__750032__b1 oracle r0 status=executed reward=1.0 elapsed=40.0s remaining=80369s
[generator_gate] SETA_Evolve/stack_overflow__750032__b1 nop r0 status=executed reward=0.0 elapsed=40.0s remaining=80369s
[generator_gate] SETA_Evolve/stack_overflow__750032__b1 oracle r1 status=executed reward=1.0 elapsed=40.0s remaining=80369s
[generator_gate] SETA_Evolve/stack_overflow__750032__b1 nop r1 status=executed reward=0.0 elapsed=30.0s remaining=80339s
[generator_gate] SETA_Evolve/stack_overflow__471026__b1 nop r0 status=executed reward=0.0 elapsed=65.3s remaining=80273s
[generator_gate] SETA_Evolve/stack_overflow__471026__b1 oracle r0 status=executed reward=1.0 elapsed=70.1s remaining=80269s
[generator_gate] SETA_Evolve/stack_overflow__471026__b1 oracle r1 status=executed reward=1.0 elapsed=70.3s remaining=80268s
[generator_gate] SETA_Evolve/stack_overflow__471026__b1 nop r1 status=executed reward=0.0 elapsed=35.5s remaining=80238s
[generator_gate] SETA_Synth/ask_ubuntu__196 nop r0 status=executed reward=0.0 elapsed=80.2s remaining=80157s
[generator_gate] SETA_Synth/ask_ubuntu__196 oracle r1 status=executed reward=1.0 elapsed=85.2s remaining=80153s
[generator_gate] SETA_Synth/ask_ubuntu__196 oracle r0 status=executed reward=1.0 elapsed=85.5s remaining=80152s
[generator_gate] SETA_Synth/ask_ubuntu__196 nop r1 status=executed reward=0.0 elapsed=40.4s remaining=80117s
[generator_gate] SETA_Synth/kaggle_notebook__ilhansevval_llm-preprocessing-catboost nop r0 status=executed reward=0.0 elapsed=115.5s remaining=80001s
[generator_gate] SETA_Synth/kaggle_notebook__ilhansevval_llm-preprocessing-catboost nop r1 status=executed reward=0.0 elapsed=25.0s remaining=79976s
[generator_gate] SETA_Synth/kaggle_notebook__ilhansevval_llm-preprocessing-catboost oracle r1 status=executed reward=1.0 elapsed=560.7s remaining=79556s
[generator_gate] SETA_Synth/kaggle_notebook__ilhansevval_llm-preprocessing-catboost oracle r0 status=executed reward=1.0 elapsed=560.8s remaining=79556s
[generator_gate] SETA_Synth/unix_linux_se__459074 nop r0 status=executed reward=0.0 elapsed=115.2s remaining=79441s
[generator_gate] SETA_Synth/unix_linux_se__459074 oracle r1 status=executed reward=1.0 elapsed=120.2s remaining=79436s
[generator_gate] SETA_Synth/unix_linux_se__459074 oracle r0 status=executed reward=1.0 elapsed=120.2s remaining=79436s
[generator_gate] SETA_Synth/unix_linux_se__459074 nop r1 status=executed reward=0.0 elapsed=35.0s remaining=79406s
[generator_gate] SETA_Synth/unix_linux_se__28363 oracle r1 status=executed reward=1.0 elapsed=60.3s remaining=79345s
[generator_gate] SETA_Synth/unix_linux_se__28363 oracle r0 status=executed reward=1.0 elapsed=60.3s remaining=79345s
[generator_gate] SETA_Synth/unix_linux_se__28363 nop r0 status=executed reward=0.0 elapsed=60.4s remaining=79345s
[generator_gate] SETA_Synth/unix_linux_se__28363 nop r1 status=executed reward=0.0 elapsed=35.0s remaining=79310s
[generator_gate] SETA_Evolve/kaggle_notebook__markuslill_s3e26-xgbclassifer__b1 nop r0 status=executed reward=0.0 elapsed=708.1s remaining=78602s
[generator_gate] SETA_Evolve/kaggle_notebook__markuslill_s3e26-xgbclassifer__b1 oracle r0 status=executed reward=1.0 elapsed=709.8s remaining=78600s
[generator_gate] SETA_Evolve/kaggle_notebook__markuslill_s3e26-xgbclassifer__b1 oracle r1 status=executed reward=1.0 elapsed=758.4s remaining=78552s
[generator_gate] SETA_Evolve/kaggle_notebook__markuslill_s3e26-xgbclassifer__b1 nop r1 status=executed reward=0.0 elapsed=561.4s remaining=78041s
[generator_gate] SETA_Evolve/ask_ubuntu__858__b1 nop r0 status=executed reward=0.0 elapsed=140.2s remaining=77900s
[generator_gate] SETA_Evolve/ask_ubuntu__858__b1 oracle r1 status=executed reward=1.0 elapsed=145.2s remaining=77895s
[generator_gate] SETA_Evolve/ask_ubuntu__858__b1 oracle r0 status=executed reward=1.0 elapsed=151.0s remaining=77889s
[generator_gate] SETA_Evolve/ask_ubuntu__858__b1 nop r1 status=executed reward=0.0 elapsed=65.1s remaining=77835s
[generator_gate] SETA_Evolve/kaggle_notebook__heeraldedhia_exploratory-data-analysis-in-r__d1 nop r0 status=executed reward=0.0 elapsed=120.9s remaining=77713s
[generator_gate] SETA_Evolve/kaggle_notebook__heeraldedhia_exploratory-data-analysis-in-r__d1 oracle r0 status=executed reward=1.0 elapsed=136.0s remaining=77697s
[generator_gate] SETA_Evolve/kaggle_notebook__heeraldedhia_exploratory-data-analysis-in-r__d1 oracle r1 status=executed reward=1.0 elapsed=141.0s remaining=77692s
[generator_gate] SETA_Evolve/kaggle_notebook__heeraldedhia_exploratory-data-analysis-in-r__d1 nop r1 status=executed reward=0.0 elapsed=50.3s remaining=77662s
[generator_gate] SETA_Evolve/ask_ubuntu__988__b1 nop r0 status=executed reward=0.0 elapsed=166.0s remaining=77496s
[generator_gate] SETA_Evolve/ask_ubuntu__988__b1 oracle r1 status=executed reward=1.0 elapsed=176.0s remaining=77486s
[generator_gate] SETA_Evolve/ask_ubuntu__988__b1 oracle r0 status=executed reward=1.0 elapsed=181.5s remaining=77481s
[generator_gate] SETA_Evolve/ask_ubuntu__988__b1 nop r1 status=executed reward=0.0 elapsed=60.7s remaining=77435s
[generator_gate] SETA_Synth/stack_overflow__7993082 nop r0 status=executed reward=0.0 elapsed=105.9s remaining=77329s
[generator_gate] SETA_Synth/stack_overflow__7993082 oracle r1 status=executed reward=1.0 elapsed=110.8s remaining=77324s
[generator_gate] SETA_Synth/stack_overflow__7993082 oracle r0 status=executed reward=1.0 elapsed=116.1s remaining=77319s
[generator_gate] SETA_Synth/stack_overflow__7993082 nop r1 status=executed reward=0.0 elapsed=60.2s remaining=77269s
[generator_gate] SETA_Synth/ask_ubuntu__1375 nop r0 status=executed reward=0.0 elapsed=191.2s remaining=77077s
[generator_gate] SETA_Synth/ask_ubuntu__1375 oracle r1 status=executed reward=1.0 elapsed=201.0s remaining=77067s
[generator_gate] SETA_Synth/ask_ubuntu__1375 oracle r0 status=executed reward=1.0 elapsed=201.5s remaining=77067s
[generator_gate] SETA_Synth/ask_ubuntu__1375 nop r1 status=executed reward=0.0 elapsed=45.0s remaining=77032s
[generator_gate] prune after 60 tasks: images=0B builder=16579999999B
[generator_gate] SETA_Synth/nl2bash__978 nop r0 status=executed reward=0.0 elapsed=80.1s remaining=76938s
[generator_gate] SETA_Synth/nl2bash__978 oracle r1 status=executed reward=1.0 elapsed=80.1s remaining=76938s
[generator_gate] SETA_Synth/nl2bash__978 oracle r0 status=executed reward=1.0 elapsed=85.0s remaining=76933s
[generator_gate] SETA_Synth/nl2bash__978 nop r1 status=executed reward=0.0 elapsed=40.0s remaining=76898s
[generator_gate] SETA_Evolve/ask_ubuntu__1000__b1 oracle r0 status=executed reward=1.0 elapsed=95.0s remaining=76803s
[generator_gate] SETA_Evolve/ask_ubuntu__1000__b1 nop r0 status=executed reward=0.0 elapsed=95.0s remaining=76803s
[generator_gate] SETA_Evolve/ask_ubuntu__1000__b1 oracle r1 status=executed reward=1.0 elapsed=100.0s remaining=76798s
[generator_gate] SETA_Evolve/ask_ubuntu__1000__b1 nop r1 status=executed reward=0.0 elapsed=35.0s remaining=76768s
[generator_gate] SETA_Evolve/ask_ubuntu__1192__b1 nop r0 status=executed reward=0.0 elapsed=75.0s remaining=76693s
[generator_gate] SETA_Evolve/ask_ubuntu__1192__b1 oracle r0 status=executed reward=1.0 elapsed=75.0s remaining=76693s
[generator_gate] SETA_Evolve/ask_ubuntu__1192__b1 oracle r1 status=executed reward=1.0 elapsed=80.0s remaining=76688s
[generator_gate] SETA_Evolve/ask_ubuntu__1192__b1 nop r1 status=executed reward=0.0 elapsed=40.0s remaining=76653s
[generator_gate] SETA_Evolve/ask_ubuntu__505__b1 nop r0 status=executed reward=0.0 elapsed=85.0s remaining=76568s
[generator_gate] SETA_Evolve/ask_ubuntu__505__b1 oracle r1 status=executed reward=1.0 elapsed=100.0s remaining=76553s
[generator_gate] SETA_Evolve/ask_ubuntu__505__b1 oracle r0 status=executed reward=1.0 elapsed=100.0s remaining=76553s
[generator_gate] SETA_Evolve/ask_ubuntu__505__b1 nop r1 status=executed reward=0.0 elapsed=30.0s remaining=76538s
[generator_gate] SETA_Evolve/ask_ubuntu__798__b1 oracle r0 status=executed reward=1.0 elapsed=55.0s remaining=76483s
[generator_gate] SETA_Evolve/ask_ubuntu__798__b1 nop r0 status=executed reward=0.0 elapsed=55.0s remaining=76483s
[generator_gate] SETA_Evolve/ask_ubuntu__798__b1 oracle r1 status=executed reward=1.0 elapsed=55.0s remaining=76482s
[generator_gate] SETA_Evolve/ask_ubuntu__798__b1 nop r1 status=executed reward=0.0 elapsed=35.0s remaining=76448s
[generator_gate] SETA_Evolve/ask_ubuntu__728__d1 oracle r1 status=executed reward=1.0 elapsed=70.0s remaining=76377s
[generator_gate] SETA_Evolve/ask_ubuntu__728__d1 oracle r0 status=executed reward=1.0 elapsed=70.0s remaining=76377s
[generator_gate] SETA_Evolve/ask_ubuntu__728__d1 nop r0 status=executed reward=0.0 elapsed=70.0s remaining=76377s
[generator_gate] SETA_Evolve/ask_ubuntu__728__d1 nop r1 status=executed reward=0.0 elapsed=30.0s remaining=76347s
[generator_gate] SETA_Evolve/ask_ubuntu__1349__d1 nop r0 status=executed reward=0.0 elapsed=90.0s remaining=76257s
[generator_gate] SETA_Evolve/ask_ubuntu__1349__d1 oracle r0 status=executed reward=1.0 elapsed=95.0s remaining=76252s
[generator_gate] SETA_Evolve/ask_ubuntu__1349__d1 oracle r1 status=executed reward=1.0 elapsed=95.0s remaining=76252s
[generator_gate] SETA_Evolve/ask_ubuntu__1349__d1 nop r1 status=executed reward=0.0 elapsed=50.8s remaining=76206s
[generator_gate] SETA_Synth/kaggle_notebook__arthurtok_decision-boundaries-visualised-via-python-plotly nop r0 status=executed reward=0.0 elapsed=65.1s remaining=76141s
[generator_gate] SETA_Synth/kaggle_notebook__arthurtok_decision-boundaries-visualised-via-python-plotly oracle r1 status=executed reward=1.0 elapsed=80.1s remaining=76126s
[generator_gate] SETA_Synth/kaggle_notebook__arthurtok_decision-boundaries-visualised-via-python-plotly oracle r0 status=executed reward=1.0 elapsed=80.2s remaining=76126s
[generator_gate] SETA_Synth/kaggle_notebook__arthurtok_decision-boundaries-visualised-via-python-plotly nop r1 status=executed reward=0.0 elapsed=25.0s remaining=76116s
[generator_gate] SETA_Synth/kaggle_notebook__abdmental01_heart-disease-prediction-binary-classification nop r0 status=executed reward=0.0 elapsed=95.0s remaining=76021s
[generator_gate] SETA_Synth/kaggle_notebook__abdmental01_heart-disease-prediction-binary-classification oracle r1 status=executed reward=1.0 elapsed=100.0s remaining=76016s
[generator_gate] SETA_Synth/kaggle_notebook__abdmental01_heart-disease-prediction-binary-classification oracle r0 status=executed reward=1.0 elapsed=100.0s remaining=76016s
[generator_gate] SETA_Synth/kaggle_notebook__abdmental01_heart-disease-prediction-binary-classification nop r1 status=executed reward=0.0 elapsed=35.0s remaining=75986s
[generator_gate] SETA_Synth/stack_overflow__18546321 nop r0 status=executed reward=0.0 elapsed=85.0s remaining=75901s
[generator_gate] SETA_Synth/stack_overflow__18546321 oracle r0 status=executed reward=1.0 elapsed=90.0s remaining=75896s
[generator_gate] SETA_Synth/stack_overflow__18546321 oracle r1 status=executed reward=1.0 elapsed=90.0s remaining=75896s
[generator_gate] SETA_Synth/stack_overflow__18546321 nop r1 status=executed reward=0.0 elapsed=40.0s remaining=75861s
[generator_gate] SETA_Synth/stack_overflow__23853553 nop r0 status=executed reward=0.0 elapsed=80.0s remaining=75780s
[generator_gate] SETA_Synth/stack_overflow__23853553 oracle r1 status=executed reward=1.0 elapsed=85.0s remaining=75775s
[generator_gate] SETA_Synth/stack_overflow__23853553 oracle r0 status=executed reward=1.0 elapsed=85.0s remaining=75775s
[generator_gate] SETA_Synth/stack_overflow__23853553 nop r1 status=executed reward=0.0 elapsed=35.0s remaining=75745s
[generator_gate] SETA_Synth/ask_ubuntu__275 nop r0 status=executed reward=0.0 elapsed=90.0s remaining=75655s
[generator_gate] SETA_Synth/ask_ubuntu__275 oracle r0 status=executed reward=1.0 elapsed=95.0s remaining=75650s
[generator_gate] SETA_Synth/ask_ubuntu__275 oracle r1 status=executed reward=1.0 elapsed=95.0s remaining=75650s
[generator_gate] SETA_Synth/ask_ubuntu__275 nop r1 status=executed reward=0.0 elapsed=40.0s remaining=75615s
[generator_gate] SETA_Synth/stack_overflow__9275840 nop r0 status=executed reward=0.0 elapsed=85.0s remaining=75530s
[generator_gate] SETA_Synth/stack_overflow__9275840 oracle r1 status=executed reward=1.0 elapsed=90.0s remaining=75525s
[generator_gate] SETA_Synth/stack_overflow__9275840 oracle r0 status=executed reward=1.0 elapsed=95.0s remaining=75520s
[generator_gate] SETA_Synth/stack_overflow__9275840 nop r1 status=executed reward=0.0 elapsed=50.0s remaining=75480s
[generator_gate] SETA_Evolve/ask_ubuntu__1320__d1 nop r0 status=executed reward=0.0 elapsed=100.0s remaining=75380s
[generator_gate] SETA_Evolve/ask_ubuntu__1320__d1 oracle r1 status=executed reward=1.0 elapsed=100.0s remaining=75380s
[generator_gate] SETA_Evolve/ask_ubuntu__1320__d1 oracle r0 status=executed reward=1.0 elapsed=100.0s remaining=75380s
[generator_gate] SETA_Evolve/ask_ubuntu__1320__d1 nop r1 status=executed reward=0.0 elapsed=35.0s remaining=75345s
[generator_gate] SETA_Synth/stack_overflow__6101956 oracle r1 status=executed reward=1.0 elapsed=40.0s remaining=75305s
[generator_gate] SETA_Synth/stack_overflow__6101956 oracle r0 status=executed reward=1.0 elapsed=40.0s remaining=75305s
[generator_gate] SETA_Synth/stack_overflow__6101956 nop r0 status=executed reward=0.0 elapsed=40.0s remaining=75305s
[generator_gate] SETA_Synth/stack_overflow__6101956 nop r1 status=executed reward=0.0 elapsed=25.0s remaining=75280s
[generator_gate] SETA_Synth/stack_overflow__18320051 oracle r0 status=executed reward=1.0 elapsed=75.0s remaining=75204s
[generator_gate] SETA_Synth/stack_overflow__18320051 nop r0 status=executed reward=0.0 elapsed=75.2s remaining=75204s
[generator_gate] SETA_Synth/stack_overflow__18320051 oracle r1 status=executed reward=1.0 elapsed=80.3s remaining=75199s
[generator_gate] SETA_Synth/stack_overflow__18320051 nop r1 status=executed reward=0.0 elapsed=65.6s remaining=75139s
[generator_gate] SETA_Synth/stack_overflow__1816673 nop r0 status=executed reward=0.0 elapsed=214.7s remaining=74924s
[generator_gate] SETA_Synth/stack_overflow__1816673 oracle r1 status=executed reward=1.0 elapsed=224.3s remaining=74915s
[generator_gate] SETA_Synth/stack_overflow__1816673 oracle r0 status=executed reward=1.0 elapsed=225.6s remaining=74913s
[generator_gate] SETA_Synth/stack_overflow__1816673 nop r1 status=executed reward=0.0 elapsed=65.9s remaining=74858s
[generator_gate] SETA_Synth/stack_overflow__1049210 nop r0 status=executed reward=0.0 elapsed=219.6s remaining=74638s
[generator_gate] SETA_Synth/stack_overflow__1049210 oracle r0 status=executed reward=1.0 elapsed=228.0s remaining=74629s
[generator_gate] SETA_Synth/stack_overflow__1049210 oracle r1 status=executed reward=1.0 elapsed=229.5s remaining=74628s
[generator_gate] SETA_Synth/stack_overflow__1049210 nop r1 status=executed reward=0.0 elapsed=81.3s remaining=74556s
[generator_gate] SETA_Synth/unix_linux_se__121413 nop r0 status=executed reward=0.0 elapsed=116.2s remaining=74439s
[generator_gate] SETA_Synth/unix_linux_se__121413 oracle r0 status=executed reward=1.0 elapsed=116.4s remaining=74439s
[generator_gate] SETA_Synth/unix_linux_se__121413 oracle r1 status=executed reward=1.0 elapsed=117.3s remaining=74438s
[generator_gate] SETA_Synth/unix_linux_se__121413 nop r1 status=executed reward=0.0 elapsed=60.9s remaining=74378s
[generator_gate] SETA_Synth/ask_ubuntu__497 nop r0 status=executed reward=0.0 elapsed=110.9s remaining=74267s
[generator_gate] SETA_Synth/ask_ubuntu__497 oracle r1 status=executed reward=1.0 elapsed=111.0s remaining=74267s
[generator_gate] SETA_Synth/ask_ubuntu__497 oracle r0 status=executed reward=1.0 elapsed=111.6s remaining=74266s
[generator_gate] SETA_Synth/ask_ubuntu__497 nop r1 status=executed reward=0.0 elapsed=61.1s remaining=74206s
[generator_gate] prune after 80 tasks: images=0B builder=15560000000B
[generator_gate] SETA_Evolve/ask_ubuntu__1118__d1 oracle r0 status=executed reward=1.0 elapsed=257.8s remaining=73933s
[generator_gate] SETA_Evolve/ask_ubuntu__1118__d1 nop r0 status=executed reward=0.0 elapsed=266.8s remaining=73924s
[generator_gate] SETA_Evolve/ask_ubuntu__1118__d1 oracle r1 status=executed reward=1.0 elapsed=267.1s remaining=73924s
[generator_gate] SETA_Evolve/ask_ubuntu__1118__d1 nop r1 status=executed reward=0.0 elapsed=85.5s remaining=73847s
[generator_gate] SETA_Evolve/ask_ubuntu__1350__d1 nop r0 status=executed reward=0.0 elapsed=140.4s remaining=73706s
[generator_gate] SETA_Evolve/ask_ubuntu__1350__d1 oracle r0 status=executed reward=1.0 elapsed=145.4s remaining=73701s
[generator_gate] SETA_Evolve/ask_ubuntu__1350__d1 oracle r1 status=executed reward=1.0 elapsed=145.4s remaining=73701s
[generator_gate] SETA_Evolve/ask_ubuntu__1350__d1 nop r1 status=executed reward=0.0 elapsed=65.3s remaining=73641s
[generator_gate] SETA_Synth/ask_ubuntu__1111 oracle r0 status=executed reward=1.0 elapsed=111.2s remaining=73529s
[generator_gate] SETA_Synth/ask_ubuntu__1111 oracle r1 status=executed reward=1.0 elapsed=120.7s remaining=73519s
[generator_gate] SETA_Synth/ask_ubuntu__1111 nop r0 status=executed reward=0.0 elapsed=127.7s remaining=73512s
[generator_gate] SETA_Synth/ask_ubuntu__1111 nop r1 status=executed reward=0.0 elapsed=60.8s remaining=73468s
[generator_gate] SETA_Evolve/unix_linux_se__15138__d1 oracle r1 status=executed reward=1.0 elapsed=165.6s remaining=73302s
[generator_gate] SETA_Evolve/unix_linux_se__15138__d1 nop r0 status=executed reward=0.0 elapsed=165.7s remaining=73302s
[generator_gate] SETA_Evolve/unix_linux_se__15138__d1 oracle r0 status=executed reward=1.0 elapsed=171.6s remaining=73296s
[generator_gate] SETA_Evolve/unix_linux_se__15138__d1 nop r1 status=executed reward=0.0 elapsed=70.5s remaining=73231s
[generator_gate] SETA_Synth/unix_linux_se__10362 oracle r1 status=executed reward=1.0 elapsed=141.4s remaining=73089s
[generator_gate] SETA_Synth/unix_linux_se__10362 nop r0 status=executed reward=0.0 elapsed=141.3s remaining=73089s
[generator_gate] SETA_Synth/unix_linux_se__10362 oracle r0 status=executed reward=1.0 elapsed=146.4s remaining=73084s
[generator_gate] SETA_Synth/unix_linux_se__10362 nop r1 status=executed reward=0.0 elapsed=65.2s remaining=73024s
[generator_gate] SETA_Synth/kaggle_notebook__crawford_exercise-time-series-modeling oracle r1 status=executed reward=0.0 elapsed=230.8s remaining=72793s
[generator_gate] SETA_Synth/kaggle_notebook__crawford_exercise-time-series-modeling nop r0 status=executed reward=0.0 elapsed=241.5s remaining=72781s
[generator_gate] SETA_Synth/kaggle_notebook__crawford_exercise-time-series-modeling oracle r0 status=executed reward=0.0 elapsed=249.4s remaining=72774s
[generator_gate] SETA_Synth/kaggle_notebook__crawford_exercise-time-series-modeling nop r1 status=executed reward=0.0 elapsed=95.4s remaining=72697s
[generator_gate] SETA_Synth/stack_overflow__132058 oracle r0 status=executed reward=1.0 elapsed=90.7s remaining=72606s
[generator_gate] SETA_Synth/stack_overflow__132058 oracle r1 status=executed reward=1.0 elapsed=90.7s remaining=72606s
[generator_gate] SETA_Synth/stack_overflow__132058 nop r0 status=executed reward=0.0 elapsed=155.9s remaining=72541s
[generator_gate] SETA_Synth/stack_overflow__132058 nop r1 status=executed reward=0.0 elapsed=116.3s remaining=72490s
[generator_gate] SETA_Synth/ask_ubuntu__1148 nop r0 status=executed reward=0.0 elapsed=160.8s remaining=72328s
[generator_gate] SETA_Synth/ask_ubuntu__1148 nop r1 status=executed reward=0.0 elapsed=61.6s remaining=72267s
[generator_gate] SETA_Synth/ask_ubuntu__1148 oracle r0 status=executed reward=1.0 elapsed=226.1s remaining=72263s
[generator_gate] SETA_Synth/ask_ubuntu__1148 oracle r1 status=executed reward=1.0 elapsed=247.5s remaining=72242s
[generator_gate] SETA_Synth/stack_overflow__5183630 nop r0 status=executed reward=0.0 elapsed=91.0s remaining=72149s
[generator_gate] SETA_Synth/stack_overflow__5183630 oracle r1 status=executed reward=1.0 elapsed=96.3s remaining=72144s
[generator_gate] SETA_Synth/stack_overflow__5183630 oracle r0 status=executed reward=1.0 elapsed=100.7s remaining=72139s
[generator_gate] SETA_Synth/stack_overflow__5183630 nop r1 status=executed reward=0.0 elapsed=50.4s remaining=72099s
[generator_gate] SETA_Synth/ask_ubuntu__1079 oracle r1 status=executed reward=1.0 elapsed=289.5s remaining=71809s
[generator_gate] SETA_Synth/ask_ubuntu__1079 nop r0 status=executed reward=0.0 elapsed=289.9s remaining=71809s
[generator_gate] SETA_Synth/ask_ubuntu__1079 oracle r0 status=executed reward=1.0 elapsed=298.7s remaining=71799s
[generator_gate] SETA_Synth/ask_ubuntu__1079 nop r1 status=executed reward=0.0 elapsed=90.7s remaining=71718s
[generator_gate] SETA_Synth/unix_linux_se__22121 oracle r0 status=executed reward=1.0 elapsed=96.2s remaining=71621s
[generator_gate] SETA_Synth/unix_linux_se__22121 nop r0 status=executed reward=0.0 elapsed=96.3s remaining=71621s
[generator_gate] SETA_Synth/unix_linux_se__22121 oracle r1 status=executed reward=1.0 elapsed=101.5s remaining=71616s
[generator_gate] SETA_Synth/unix_linux_se__22121 nop r1 status=executed reward=0.0 elapsed=65.1s remaining=71556s
[generator_gate] SETA_Synth/kaggle_notebook__kushal1506_timeseries-s-p500-stockanalysis-arima-lstm nop r0 status=executed reward=0.0 elapsed=166.6s remaining=71389s
[generator_gate] SETA_Synth/kaggle_notebook__kushal1506_timeseries-s-p500-stockanalysis-arima-lstm nop r1 status=executed reward=0.0 elapsed=90.6s remaining=71298s
[generator_gate] SETA_Synth/kaggle_notebook__kushal1506_timeseries-s-p500-stockanalysis-arima-lstm oracle r0 status=executed reward=1.0 elapsed=479.6s remaining=71076s
[generator_gate] SETA_Synth/kaggle_notebook__kushal1506_timeseries-s-p500-stockanalysis-arima-lstm oracle r1 status=executed reward=1.0 elapsed=487.5s remaining=71068s
[generator_gate] SETA_Evolve/ask_ubuntu__1362__d1 oracle r0 status=executed reward=1.0 elapsed=141.2s remaining=70926s
[generator_gate] SETA_Evolve/ask_ubuntu__1362__d1 oracle r1 status=executed reward=1.0 elapsed=142.6s remaining=70925s
[generator_gate] SETA_Evolve/ask_ubuntu__1362__d1 nop r0 status=executed reward=0.0 elapsed=158.0s remaining=70909s
[generator_gate] SETA_Evolve/ask_ubuntu__1362__d1 nop r1 status=executed reward=0.0 elapsed=70.7s remaining=70856s
[generator_gate] SETA_Evolve/ask_ubuntu__1284__b1 oracle r1 status=executed reward=1.0 elapsed=141.5s remaining=70713s
[generator_gate] SETA_Evolve/ask_ubuntu__1284__b1 nop r0 status=executed reward=0.0 elapsed=146.5s remaining=70708s
[generator_gate] SETA_Evolve/ask_ubuntu__1284__b1 oracle r0 status=executed reward=1.0 elapsed=146.5s remaining=70708s
[generator_gate] SETA_Evolve/ask_ubuntu__1284__b1 nop r1 status=executed reward=0.0 elapsed=60.5s remaining=70652s
[generator_gate] SETA_Synth/ask_ubuntu__954 oracle r1 status=executed reward=1.0 elapsed=115.4s remaining=70535s
[generator_gate] SETA_Synth/ask_ubuntu__954 oracle r0 status=executed reward=1.0 elapsed=116.0s remaining=70535s
[generator_gate] SETA_Synth/ask_ubuntu__954 nop r0 status=executed reward=0.0 elapsed=155.8s remaining=70495s
[generator_gate] SETA_Synth/ask_ubuntu__954 nop r1 status=executed reward=0.0 elapsed=80.1s remaining=70456s
[generator_gate] SETA_Synth/ask_ubuntu__881 nop r0 status=executed reward=0.0 elapsed=85.4s remaining=70370s
[generator_gate] SETA_Synth/ask_ubuntu__881 oracle r0 status=executed reward=1.0 elapsed=85.5s remaining=70370s
[generator_gate] SETA_Synth/ask_ubuntu__881 oracle r1 status=executed reward=1.0 elapsed=90.8s remaining=70365s
[generator_gate] SETA_Synth/ask_ubuntu__881 nop r1 status=executed reward=0.0 elapsed=61.4s remaining=70309s
[generator_gate] SETA_Synth/ask_ubuntu__1063 nop r0 status=executed reward=0.0 elapsed=120.2s remaining=70188s
[generator_gate] SETA_Synth/ask_ubuntu__1063 oracle r1 status=executed reward=1.0 elapsed=125.3s remaining=70183s
[generator_gate] SETA_Synth/ask_ubuntu__1063 oracle r0 status=executed reward=1.0 elapsed=125.3s remaining=70183s
[generator_gate] SETA_Synth/ask_ubuntu__1063 nop r1 status=executed reward=0.0 elapsed=71.0s remaining=70117s
[generator_gate] SETA_Synth/ask_ubuntu__918 nop r0 status=executed reward=0.0 elapsed=110.4s remaining=70006s
[generator_gate] SETA_Synth/ask_ubuntu__918 oracle r0 status=executed reward=1.0 elapsed=112.6s remaining=70004s
[generator_gate] SETA_Synth/ask_ubuntu__918 oracle r1 status=executed reward=1.0 elapsed=116.1s remaining=70001s
[generator_gate] SETA_Synth/ask_ubuntu__918 nop r1 status=executed reward=0.0 elapsed=50.3s remaining=69956s
[generator_gate] SETA_Synth/ask_ubuntu__190 nop r0 status=executed reward=0.0 elapsed=95.9s remaining=69859s
[generator_gate] SETA_Synth/ask_ubuntu__190 oracle r0 status=executed reward=1.0 elapsed=101.1s remaining=69854s
[generator_gate] SETA_Synth/ask_ubuntu__190 oracle r1 status=executed reward=1.0 elapsed=105.9s remaining=69849s
[generator_gate] SETA_Synth/ask_ubuntu__190 nop r1 status=executed reward=0.0 elapsed=55.1s remaining=69804s
[generator_gate] SETA_Evolve/ask_ubuntu__716__d1 nop r0 status=executed reward=0.0 elapsed=224.1s remaining=69579s
[generator_gate] SETA_Evolve/ask_ubuntu__716__d1 oracle r0 status=executed reward=1.0 elapsed=234.4s remaining=69569s
[generator_gate] SETA_Evolve/ask_ubuntu__716__d1 oracle r1 status=executed reward=1.0 elapsed=239.3s remaining=69564s
[generator_gate] SETA_Evolve/ask_ubuntu__716__d1 nop r1 status=executed reward=0.0 elapsed=55.7s remaining=69524s
[generator_gate] prune after 100 tasks: images=0B builder=12460000000B
[generator_gate] SETA_Synth/ask_ubuntu__601 nop r0 status=executed reward=0.0 elapsed=120.4s remaining=69382s
[generator_gate] SETA_Synth/ask_ubuntu__601 oracle r0 status=executed reward=1.0 elapsed=120.4s remaining=69382s
[generator_gate] SETA_Synth/ask_ubuntu__601 oracle r1 status=executed reward=1.0 elapsed=125.4s remaining=69377s
[generator_gate] SETA_Synth/ask_ubuntu__601 nop r1 status=executed reward=0.0 elapsed=60.1s remaining=69322s
[generator_gate] SETA_Synth/kaggle_notebook__vjchoudhary7_kmeans-clustering-in-customer-segmentation nop r0 status=executed reward=0.0 elapsed=151.6s remaining=69170s
[generator_gate] SETA_Synth/kaggle_notebook__vjchoudhary7_kmeans-clustering-in-customer-segmentation oracle r1 status=executed reward=1.0 elapsed=182.2s remaining=69139s
[generator_gate] SETA_Synth/kaggle_notebook__vjchoudhary7_kmeans-clustering-in-customer-segmentation oracle r0 status=executed reward=1.0 elapsed=182.6s remaining=69139s
[generator_gate] SETA_Synth/kaggle_notebook__vjchoudhary7_kmeans-clustering-in-customer-segmentation nop r1 status=executed reward=0.0 elapsed=66.5s remaining=69104s
[generator_gate] SETA_Synth/ask_ubuntu__7 oracle r1 status=executed reward=1.0 elapsed=121.6s remaining=68981s
[generator_gate] SETA_Synth/ask_ubuntu__7 nop r0 status=executed reward=0.0 elapsed=126.4s remaining=68977s
[generator_gate] SETA_Synth/ask_ubuntu__7 oracle r0 status=executed reward=1.0 elapsed=128.0s remaining=68975s
[generator_gate] SETA_Synth/ask_ubuntu__7 nop r1 status=executed reward=0.0 elapsed=65.9s remaining=68916s
[generator_gate] SETA_Synth/nl2bash__974 nop r0 status=executed reward=0.0 elapsed=112.4s remaining=68802s
[generator_gate] SETA_Synth/nl2bash__974 oracle r0 status=executed reward=1.0 elapsed=117.2s remaining=68798s
[generator_gate] SETA_Synth/nl2bash__974 oracle r1 status=executed reward=1.0 elapsed=121.7s remaining=68793s
[generator_gate] SETA_Synth/nl2bash__974 nop r1 status=executed reward=0.0 elapsed=70.7s remaining=68731s
[generator_gate] SETA_Synth/stack_overflow__26501609 nop r0 status=executed reward=0.0 elapsed=137.4s remaining=68594s
[generator_gate] SETA_Synth/stack_overflow__26501609 oracle r1 status=executed reward=1.0 elapsed=217.5s remaining=68514s
[generator_gate] SETA_Synth/stack_overflow__26501609 nop r1 status=executed reward=0.0 elapsed=81.7s remaining=68512s
[generator_gate] SETA_Synth/stack_overflow__26501609 oracle r0 status=executed reward=1.0 elapsed=237.7s remaining=68493s
[generator_gate] SETA_Synth/kaggle_notebook__arunklenin_ps3e16-eda-feature-engineering-ensemble nop r0 status=executed reward=0.0 elapsed=234.7s remaining=68258s
[generator_gate] SETA_Synth/kaggle_notebook__arunklenin_ps3e16-eda-feature-engineering-ensemble oracle r0 status=executed reward=1.0 elapsed=268.2s remaining=68224s
[generator_gate] SETA_Synth/kaggle_notebook__arunklenin_ps3e16-eda-feature-engineering-ensemble oracle r1 status=executed reward=1.0 elapsed=273.6s remaining=68219s
[generator_gate] SETA_Synth/kaggle_notebook__arunklenin_ps3e16-eda-feature-engineering-ensemble nop r1 status=executed reward=0.0 elapsed=60.6s remaining=68197s
[generator_gate] SETA_Synth/nl2bash__686 nop r0 status=executed reward=0.0 elapsed=161.1s remaining=68035s
[generator_gate] SETA_Synth/nl2bash__686 oracle r0 status=executed reward=1.0 elapsed=161.3s remaining=68035s
[generator_gate] SETA_Synth/nl2bash__686 oracle r1 status=executed reward=1.0 elapsed=161.7s remaining=68035s
[generator_gate] SETA_Synth/nl2bash__686 nop r1 status=executed reward=0.0 elapsed=61.6s remaining=67974s
[generator_gate] SETA_Synth/ask_ubuntu__148 nop r0 status=executed reward=0.0 elapsed=147.6s remaining=67826s
[generator_gate] SETA_Synth/ask_ubuntu__148 oracle r1 status=executed reward=1.0 elapsed=161.7s remaining=67812s
[generator_gate] SETA_Synth/ask_ubuntu__148 oracle r0 status=executed reward=1.0 elapsed=161.7s remaining=67812s
[generator_gate] SETA_Synth/ask_ubuntu__148 nop r1 status=executed reward=0.0 elapsed=70.7s remaining=67756s
[generator_gate] SETA_Synth/unix_linux_se__136322 nop r0 status=executed reward=0.0 elapsed=90.7s remaining=67664s
[generator_gate] SETA_Synth/unix_linux_se__136322 oracle r1 status=executed reward=1.0 elapsed=100.9s remaining=67653s
[generator_gate] SETA_Synth/unix_linux_se__136322 oracle r0 status=executed reward=1.0 elapsed=101.1s remaining=67653s
[generator_gate] SETA_Synth/unix_linux_se__136322 nop r1 status=executed reward=0.0 elapsed=50.4s remaining=67613s
[generator_gate] SETA_Evolve/stack_overflow__19226816__d1 oracle r1 status=executed reward=1.0 elapsed=227.4s remaining=67386s
[generator_gate] SETA_Evolve/stack_overflow__19226816__d1 nop r0 status=executed reward=0.0 elapsed=231.7s remaining=67381s
[generator_gate] SETA_Evolve/stack_overflow__19226816__d1 oracle r0 status=executed reward=1.0 elapsed=231.9s remaining=67381s
[generator_gate] SETA_Evolve/stack_overflow__19226816__d1 nop r1 status=executed reward=0.0 elapsed=75.6s remaining=67310s
[generator_gate] SETA_Synth/ask_ubuntu__476 nop r0 status=executed reward=0.0 elapsed=146.5s remaining=67163s
[generator_gate] SETA_Synth/ask_ubuntu__476 oracle r0 status=executed reward=1.0 elapsed=151.2s remaining=67159s
[generator_gate] SETA_Synth/ask_ubuntu__476 oracle r1 status=executed reward=1.0 elapsed=156.8s remaining=67153s
[generator_gate] SETA_Synth/ask_ubuntu__476 nop r1 status=executed reward=0.0 elapsed=65.3s remaining=67098s
[generator_gate] SETA_Synth/stack_overflow__19226816 oracle r0 status=executed reward=1.0 elapsed=116.1s remaining=66981s
[generator_gate] SETA_Synth/stack_overflow__19226816 oracle r1 status=executed reward=1.0 elapsed=116.6s remaining=66981s
[generator_gate] SETA_Synth/stack_overflow__19226816 nop r0 status=executed reward=0.0 elapsed=121.0s remaining=66976s
[generator_gate] SETA_Synth/stack_overflow__19226816 nop r1 status=executed reward=0.0 elapsed=75.8s remaining=66905s
[generator_gate] SETA_Synth/stack_overflow__44727981 nop r0 status=executed reward=0.0 elapsed=96.7s remaining=66808s
[generator_gate] SETA_Synth/stack_overflow__44727981 oracle r1 status=executed reward=1.0 elapsed=110.5s remaining=66794s
[generator_gate] SETA_Synth/stack_overflow__44727981 oracle r0 status=executed reward=1.0 elapsed=111.0s remaining=66794s
[generator_gate] SETA_Synth/stack_overflow__44727981 nop r1 status=executed reward=0.0 elapsed=60.2s remaining=66748s
[generator_gate] SETA_Synth/ask_ubuntu__865 nop r0 status=executed reward=0.0 elapsed=106.7s remaining=66641s
[generator_gate] SETA_Synth/ask_ubuntu__865 oracle r1 status=executed reward=1.0 elapsed=111.7s remaining=66635s
[generator_gate] SETA_Synth/ask_ubuntu__865 oracle r0 status=executed reward=1.0 elapsed=121.7s remaining=66626s
[generator_gate] SETA_Synth/ask_ubuntu__865 nop r1 status=executed reward=0.0 elapsed=60.5s remaining=66580s
[generator_gate] SETA_Synth/nl2bash__777 oracle r0 status=executed reward=1.0 elapsed=85.7s remaining=66494s
[generator_gate] SETA_Synth/nl2bash__777 nop r0 status=executed reward=0.0 elapsed=86.2s remaining=66494s
[generator_gate] SETA_Synth/nl2bash__777 oracle r1 status=executed reward=1.0 elapsed=91.2s remaining=66489s
[generator_gate] SETA_Synth/nl2bash__777 nop r1 status=executed reward=0.0 elapsed=55.5s remaining=66439s
[generator_gate] SETA_Synth/ask_ubuntu__524 nop r0 status=executed reward=0.0 elapsed=110.5s remaining=66328s
[generator_gate] SETA_Synth/ask_ubuntu__524 oracle r0 status=executed reward=1.0 elapsed=125.6s remaining=66313s
[generator_gate] SETA_Synth/ask_ubuntu__524 oracle r1 status=executed reward=1.0 elapsed=126.3s remaining=66312s
[generator_gate] SETA_Synth/ask_ubuntu__524 nop r1 status=executed reward=0.0 elapsed=75.4s remaining=66253s
[generator_gate] SETA_Synth/stack_overflow__27413534 nop r0 status=executed reward=0.0 elapsed=101.3s remaining=66151s
[generator_gate] SETA_Synth/stack_overflow__27413534 oracle r1 status=executed reward=1.0 elapsed=116.4s remaining=66136s
[generator_gate] SETA_Synth/stack_overflow__27413534 oracle r0 status=executed reward=1.0 elapsed=120.8s remaining=66131s
[generator_gate] SETA_Synth/stack_overflow__27413534 nop r1 status=executed reward=0.0 elapsed=60.5s remaining=66090s
[generator_gate] SETA_Synth/kaggle_notebook__jumpingmandt_sleep-data-study nop r0 status=executed reward=0.0 elapsed=152.9s remaining=65937s
[generator_gate] SETA_Synth/kaggle_notebook__jumpingmandt_sleep-data-study oracle r1 status=executed reward=1.0 elapsed=158.0s remaining=65932s
[generator_gate] SETA_Synth/kaggle_notebook__jumpingmandt_sleep-data-study oracle r0 status=executed reward=1.0 elapsed=158.4s remaining=65931s
[generator_gate] SETA_Synth/kaggle_notebook__jumpingmandt_sleep-data-study nop r1 status=executed reward=0.0 elapsed=65.2s remaining=65871s
[generator_gate] SETA_Evolve/ask_ubuntu__1032__b1 nop r0 status=executed reward=0.0 elapsed=135.8s remaining=65735s
[generator_gate] SETA_Evolve/ask_ubuntu__1032__b1 oracle r1 status=executed reward=1.0 elapsed=140.8s remaining=65730s
[generator_gate] SETA_Evolve/ask_ubuntu__1032__b1 oracle r0 status=executed reward=1.0 elapsed=142.0s remaining=65729s
[generator_gate] SETA_Evolve/ask_ubuntu__1032__b1 nop r1 status=executed reward=0.0 elapsed=60.5s remaining=65674s
[generator_gate] SETA_Synth/unix_linux_se__28548 nop r0 status=executed reward=0.0 elapsed=106.4s remaining=65567s
[generator_gate] SETA_Synth/unix_linux_se__28548 oracle r1 status=executed reward=1.0 elapsed=111.7s remaining=65562s
[generator_gate] SETA_Synth/unix_linux_se__28548 oracle r0 status=executed reward=1.0 elapsed=115.4s remaining=65558s
[generator_gate] SETA_Synth/unix_linux_se__28548 nop r1 status=executed reward=0.0 elapsed=60.5s remaining=65507s
[generator_gate] prune after 120 tasks: images=0B builder=10150000000B
[generator_gate] SETA_Evolve/stack_overflow__10050465__d1 nop r0 status=executed reward=0.0 elapsed=141.7s remaining=65348s
[generator_gate] SETA_Evolve/stack_overflow__10050465__d1 oracle r1 status=executed reward=1.0 elapsed=161.6s remaining=65329s
[generator_gate] SETA_Evolve/stack_overflow__10050465__d1 oracle r0 status=executed reward=1.0 elapsed=167.2s remaining=65323s
[generator_gate] SETA_Evolve/stack_overflow__10050465__d1 nop r1 status=executed reward=0.0 elapsed=45.0s remaining=65303s
[generator_gate] SETA_Synth/unix_linux_se__16815 oracle r1 status=executed reward=1.0 elapsed=45.0s remaining=65258s
[generator_gate] SETA_Synth/unix_linux_se__16815 oracle r0 status=executed reward=1.0 elapsed=50.0s remaining=65253s
[generator_gate] SETA_Synth/unix_linux_se__16815 nop r0 status=executed reward=0.0 elapsed=50.0s remaining=65253s
[generator_gate] SETA_Synth/unix_linux_se__16815 nop r1 status=executed reward=0.0 elapsed=30.0s remaining=65228s
[generator_gate] SETA_Synth/stack_overflow__11563963 oracle r1 status=executed reward=1.0 elapsed=70.0s remaining=65158s
[generator_gate] SETA_Synth/stack_overflow__11563963 nop r0 status=executed reward=0.0 elapsed=70.0s remaining=65158s
[generator_gate] SETA_Synth/stack_overflow__11563963 oracle r0 status=executed reward=1.0 elapsed=70.0s remaining=65158s
[generator_gate] SETA_Synth/stack_overflow__11563963 nop r1 status=executed reward=0.0 elapsed=30.0s remaining=65128s
[generator_gate] SETA_Evolve/kaggle_notebook__mohamedsameh0410_eda-rain-prediction-random-forest-xg-boost__b1 nop r0 status=executed reward=0.0 elapsed=80.0s remaining=65048s
[generator_gate] SETA_Evolve/kaggle_notebook__mohamedsameh0410_eda-rain-prediction-random-forest-xg-boost__b1 nop r1 status=executed reward=0.0 elapsed=25.0s remaining=65023s
[generator_gate] SETA_Evolve/kaggle_notebook__mohamedsameh0410_eda-rain-prediction-random-forest-xg-boost__b1 oracle r0 status=executed reward=1.0 elapsed=190.0s remaining=64938s
[generator_gate] SETA_Evolve/kaggle_notebook__mohamedsameh0410_eda-rain-prediction-random-forest-xg-boost__b1 oracle r1 status=executed reward=1.0 elapsed=190.0s remaining=64938s
[generator_gate] SETA_Synth/stack_overflow__32369 oracle r1 status=executed reward=1.0 elapsed=65.0s remaining=64873s
[generator_gate] SETA_Synth/stack_overflow__32369 oracle r0 status=executed reward=1.0 elapsed=65.0s remaining=64873s
[generator_gate] SETA_Synth/stack_overflow__32369 nop r0 status=executed reward=0.0 elapsed=65.0s remaining=64873s
[generator_gate] SETA_Synth/stack_overflow__32369 nop r1 status=executed reward=0.0 elapsed=35.1s remaining=64838s
[generator_gate] SETA_Evolve/ask_ubuntu__837__b1 nop r0 status=executed reward=0.0 elapsed=202.5s remaining=64635s
[generator_gate] SETA_Evolve/ask_ubuntu__837__b1 oracle r0 status=executed reward=1.0 elapsed=212.6s remaining=64625s
[generator_gate] SETA_Evolve/ask_ubuntu__837__b1 oracle r1 status=executed reward=1.0 elapsed=213.6s remaining=64624s
[generator_gate] SETA_Evolve/ask_ubuntu__837__b1 nop r1 status=executed reward=0.0 elapsed=107.0s remaining=64528s
[generator_gate] SETA_Evolve/ask_ubuntu__295__d1 nop r0 status=executed reward=0.0 elapsed=123.3s remaining=64404s
[generator_gate] SETA_Evolve/ask_ubuntu__295__d1 oracle r1 status=executed reward=1.0 elapsed=123.5s remaining=64404s
[generator_gate] SETA_Evolve/ask_ubuntu__295__d1 oracle r0 status=executed reward=1.0 elapsed=128.4s remaining=64399s
[generator_gate] SETA_Evolve/ask_ubuntu__295__d1 nop r1 status=executed reward=0.0 elapsed=61.2s remaining=64343s
[generator_gate] SETA_Synth/stack_overflow__47305618 oracle r0 status=executed reward=1.0 elapsed=122.3s remaining=64219s
[generator_gate] SETA_Synth/stack_overflow__47305618 nop r0 status=executed reward=0.0 elapsed=127.3s remaining=64214s
[generator_gate] SETA_Synth/stack_overflow__47305618 oracle r1 status=executed reward=1.0 elapsed=132.6s remaining=64209s
[generator_gate] SETA_Synth/stack_overflow__47305618 nop r1 status=executed reward=0.0 elapsed=65.5s remaining=64154s
[generator_gate] SETA_Evolve/ask_ubuntu__583__d1 nop r0 status=executed reward=0.0 elapsed=168.2s remaining=63985s
[generator_gate] SETA_Evolve/ask_ubuntu__583__d1 oracle r0 status=executed reward=1.0 elapsed=168.2s remaining=63985s
[generator_gate] SETA_Evolve/ask_ubuntu__583__d1 oracle r1 status=executed reward=1.0 elapsed=171.8s remaining=63981s
[generator_gate] SETA_Evolve/ask_ubuntu__583__d1 nop r1 status=executed reward=0.0 elapsed=81.9s remaining=63903s
[generator_gate] SETA_Synth/stack_overflow__71460284 nop r0 status=executed reward=0.0 elapsed=106.9s remaining=63796s
[generator_gate] SETA_Synth/stack_overflow__71460284 oracle r0 status=executed reward=1.0 elapsed=116.9s remaining=63786s
[generator_gate] SETA_Synth/stack_overflow__71460284 oracle r1 status=executed reward=1.0 elapsed=117.7s remaining=63785s
[generator_gate] SETA_Synth/stack_overflow__71460284 nop r1 status=executed reward=0.0 elapsed=55.1s remaining=63740s
[generator_gate] SETA_Synth/unix_linux_se__121757 oracle r0 status=executed reward=1.0 elapsed=91.3s remaining=63649s
[generator_gate] SETA_Synth/unix_linux_se__121757 nop r0 status=executed reward=0.0 elapsed=100.8s remaining=63639s
[generator_gate] SETA_Synth/unix_linux_se__121757 oracle r1 status=executed reward=1.0 elapsed=101.5s remaining=63639s
[generator_gate] SETA_Synth/unix_linux_se__121757 nop r1 status=executed reward=0.0 elapsed=81.0s remaining=63568s
[generator_gate] SETA_Synth/stack_overflow__31765674 nop r0 status=executed reward=0.0 elapsed=240.1s remaining=63327s
[generator_gate] SETA_Synth/stack_overflow__31765674 oracle r1 status=executed reward=1.0 elapsed=249.4s remaining=63317s
[generator_gate] SETA_Synth/stack_overflow__31765674 oracle r0 status=executed reward=1.0 elapsed=262.8s remaining=63304s
[generator_gate] SETA_Synth/stack_overflow__31765674 nop r1 status=executed reward=0.0 elapsed=45.4s remaining=63281s
[generator_gate] SETA_Evolve/ask_ubuntu__151__b1 nop r0 status=executed reward=0.0 elapsed=131.4s remaining=63150s
[generator_gate] SETA_Evolve/ask_ubuntu__151__b1 oracle r0 status=executed reward=1.0 elapsed=136.5s remaining=63145s
[generator_gate] SETA_Evolve/ask_ubuntu__151__b1 oracle r1 status=executed reward=1.0 elapsed=141.4s remaining=63140s
[generator_gate] SETA_Evolve/ask_ubuntu__151__b1 nop r1 status=executed reward=0.0 elapsed=60.3s remaining=63090s
[generator_gate] SETA_Synth/stack_overflow__3964681 oracle r1 status=executed reward=1.0 elapsed=80.6s remaining=63008s
[generator_gate] SETA_Synth/stack_overflow__3964681 oracle r0 status=executed reward=1.0 elapsed=85.6s remaining=63003s
[generator_gate] SETA_Synth/stack_overflow__3964681 nop r0 status=executed reward=0.0 elapsed=90.7s remaining=62998s
[generator_gate] SETA_Synth/stack_overflow__3964681 nop r1 status=executed reward=0.0 elapsed=51.0s remaining=62957s
[generator_gate] SETA_Synth/stack_overflow__2777802 oracle r0 status=executed reward=1.0 elapsed=85.7s remaining=62871s
[generator_gate] SETA_Synth/stack_overflow__2777802 oracle r1 status=executed reward=1.0 elapsed=85.7s remaining=62871s
[generator_gate] SETA_Synth/stack_overflow__2777802 nop r0 status=executed reward=0.0 elapsed=90.8s remaining=62866s
[generator_gate] SETA_Synth/stack_overflow__2777802 nop r1 status=executed reward=0.0 elapsed=45.5s remaining=62826s
[generator_gate] SETA_Synth/stack_overflow__14037540 nop r0 status=executed reward=0.0 elapsed=76.0s remaining=62749s
[generator_gate] SETA_Synth/stack_overflow__14037540 oracle r0 status=executed reward=1.0 elapsed=76.2s remaining=62749s
[generator_gate] SETA_Synth/stack_overflow__14037540 oracle r1 status=executed reward=1.0 elapsed=80.4s remaining=62745s
[generator_gate] SETA_Synth/stack_overflow__14037540 nop r1 status=executed reward=0.0 elapsed=52.4s remaining=62696s
[generator_gate] SETA_Evolve/ask_ubuntu__1122__d1 nop r0 status=executed reward=0.0 elapsed=157.0s remaining=62539s
[generator_gate] SETA_Evolve/ask_ubuntu__1122__d1 oracle r0 status=executed reward=1.0 elapsed=161.9s remaining=62534s
[generator_gate] SETA_Evolve/ask_ubuntu__1122__d1 oracle r1 status=executed reward=1.0 elapsed=167.3s remaining=62529s
[generator_gate] SETA_Evolve/ask_ubuntu__1122__d1 nop r1 status=executed reward=0.0 elapsed=71.4s remaining=62468s
[generator_gate] SETA_Synth/stack_overflow__55051707 oracle r1 status=executed reward=1.0 elapsed=106.0s remaining=62361s
[generator_gate] SETA_Synth/stack_overflow__55051707 nop r0 status=executed reward=0.0 elapsed=106.0s remaining=62361s
[generator_gate] SETA_Synth/stack_overflow__55051707 oracle r0 status=executed reward=1.0 elapsed=116.1s remaining=62351s
[generator_gate] SETA_Synth/stack_overflow__55051707 nop r1 status=executed reward=0.0 elapsed=70.3s remaining=62291s
[generator_gate] SETA_Evolve/ask_ubuntu__271__d1 nop r0 status=executed reward=0.0 elapsed=187.4s remaining=62102s
[generator_gate] SETA_Evolve/ask_ubuntu__271__d1 oracle r1 status=executed reward=1.0 elapsed=188.9s remaining=62101s
[generator_gate] SETA_Evolve/ask_ubuntu__271__d1 oracle r0 status=executed reward=1.0 elapsed=191.2s remaining=62099s
[generator_gate] SETA_Evolve/ask_ubuntu__271__d1 nop r1 status=executed reward=0.0 elapsed=66.8s remaining=62036s
[generator_gate] SETA_Synth/kaggle_notebook__oaktechacademy_up-to-date-heart-attack-analysis-and-prediction nop r0 status=executed reward=0.0 elapsed=133.1s remaining=61902s
[generator_gate] SETA_Synth/kaggle_notebook__oaktechacademy_up-to-date-heart-attack-analysis-and-prediction oracle r1 status=executed reward=1.0 elapsed=137.9s remaining=61898s
[generator_gate] SETA_Synth/kaggle_notebook__oaktechacademy_up-to-date-heart-attack-analysis-and-prediction oracle r0 status=executed reward=1.0 elapsed=145.7s remaining=61890s
[generator_gate] SETA_Synth/kaggle_notebook__oaktechacademy_up-to-date-heart-attack-analysis-and-prediction nop r1 status=executed reward=0.0 elapsed=81.4s remaining=61821s
[generator_gate] prune after 140 tasks: images=0B builder=13340000000B
[generator_gate] SETA_Synth/stack_overflow__28224280 nop r0 status=executed reward=0.0 elapsed=192.3s remaining=61612s
[generator_gate] SETA_Synth/stack_overflow__28224280 oracle r0 status=executed reward=1.0 elapsed=203.2s remaining=61602s
[generator_gate] SETA_Synth/stack_overflow__28224280 oracle r1 status=executed reward=1.0 elapsed=208.1s remaining=61597s
[generator_gate] SETA_Synth/stack_overflow__28224280 nop r1 status=executed reward=0.0 elapsed=65.4s remaining=61547s
[generator_gate] SETA_Synth/stack_overflow__51244223 nop r0 status=executed reward=0.0 elapsed=85.9s remaining=61460s
[generator_gate] SETA_Synth/stack_overflow__51244223 oracle r1 status=executed reward=1.0 elapsed=90.9s remaining=61455s
[generator_gate] SETA_Synth/stack_overflow__51244223 oracle r0 status=executed reward=1.0 elapsed=91.0s remaining=61455s
[generator_gate] SETA_Synth/stack_overflow__51244223 nop r1 status=executed reward=0.0 elapsed=50.8s remaining=61409s
[generator_gate] SETA_Evolve/stack_overflow__2955402__d1 nop r0 status=executed reward=0.0 elapsed=182.4s remaining=61226s
[generator_gate] SETA_Evolve/stack_overflow__2955402__d1 oracle r1 status=executed reward=1.0 elapsed=187.2s remaining=61222s
[generator_gate] SETA_Evolve/stack_overflow__2955402__d1 oracle r0 status=executed reward=1.0 elapsed=191.8s remaining=61217s
[generator_gate] SETA_Evolve/stack_overflow__2955402__d1 nop r1 status=executed reward=0.0 elapsed=61.2s remaining=61165s
[generator_gate] SETA_Synth/unix_linux_se__10077 nop r0 status=executed reward=0.0 elapsed=211.5s remaining=60952s
[generator_gate] SETA_Synth/unix_linux_se__10077 oracle r0 status=executed reward=1.0 elapsed=217.2s remaining=60947s
[generator_gate] SETA_Synth/unix_linux_se__10077 oracle r1 status=executed reward=1.0 elapsed=221.5s remaining=60943s
[generator_gate] SETA_Synth/unix_linux_se__10077 nop r1 status=executed reward=0.0 elapsed=70.7s remaining=60882s
[generator_gate] SETA_Evolve/ask_ubuntu__1175__b1 nop r0 status=executed reward=0.0 elapsed=97.8s remaining=60784s
[generator_gate] SETA_Evolve/ask_ubuntu__1175__b1 oracle r0 status=executed reward=1.0 elapsed=102.9s remaining=60779s
[generator_gate] SETA_Evolve/ask_ubuntu__1175__b1 oracle r1 status=executed reward=1.0 elapsed=107.9s remaining=60774s
[generator_gate] SETA_Evolve/ask_ubuntu__1175__b1 nop r1 status=executed reward=0.0 elapsed=60.4s remaining=60723s
[generator_gate] SETA_Synth/kaggle_notebook__lmorgan95_r-suicide-rates-in-depth-stats-insights nop r0 status=executed reward=0.0 elapsed=187.9s remaining=60534s
[generator_gate] SETA_Synth/kaggle_notebook__lmorgan95_r-suicide-rates-in-depth-stats-insights oracle r0 status=executed reward=1.0 elapsed=246.8s remaining=60475s
[generator_gate] SETA_Synth/kaggle_notebook__lmorgan95_r-suicide-rates-in-depth-stats-insights oracle r1 status=executed reward=1.0 elapsed=288.1s remaining=60433s
[generator_gate] SETA_Synth/kaggle_notebook__lmorgan95_r-suicide-rates-in-depth-stats-insights nop r1 status=executed reward=0.0 elapsed=110.2s remaining=60423s
[generator_gate] SETA_Synth/kaggle_notebook__tumpanjawat_stroke-prediction-eda-resampling-xgboost nop r0 status=executed reward=0.0 elapsed=211.8s remaining=60211s
[generator_gate] SETA_Synth/kaggle_notebook__tumpanjawat_stroke-prediction-eda-resampling-xgboost oracle r1 status=executed reward=1.0 elapsed=233.2s remaining=60189s
[generator_gate] SETA_Synth/kaggle_notebook__tumpanjawat_stroke-prediction-eda-resampling-xgboost oracle r0 status=executed reward=1.0 elapsed=233.8s remaining=60189s
[generator_gate] SETA_Synth/kaggle_notebook__tumpanjawat_stroke-prediction-eda-resampling-xgboost nop r1 status=executed reward=0.0 elapsed=55.6s remaining=60155s
[generator_gate] SETA_Synth/kaggle_notebook__ashydv_car-price-prediction-linear-regression nop r0 status=executed reward=0.0 elapsed=226.5s remaining=59928s
[generator_gate] SETA_Synth/kaggle_notebook__ashydv_car-price-prediction-linear-regression oracle r0 status=executed reward=1.0 elapsed=226.5s remaining=59928s
[generator_gate] SETA_Synth/kaggle_notebook__ashydv_car-price-prediction-linear-regression oracle r1 status=executed reward=1.0 elapsed=227.0s remaining=59928s
[generator_gate] SETA_Synth/kaggle_notebook__ashydv_car-price-prediction-linear-regression nop r1 status=executed reward=0.0 elapsed=100.1s remaining=59828s
[generator_gate] SETA_Synth/unix_linux_se__147261 nop r0 status=executed reward=0.0 elapsed=176.2s remaining=59652s
[generator_gate] SETA_Synth/unix_linux_se__147261 oracle r1 status=executed reward=1.0 elapsed=191.3s remaining=59637s
[generator_gate] SETA_Synth/unix_linux_se__147261 oracle r0 status=executed reward=1.0 elapsed=191.6s remaining=59636s
[generator_gate] SETA_Synth/unix_linux_se__147261 nop r1 status=executed reward=0.0 elapsed=70.7s remaining=59580s
[generator_gate] SETA_Synth/ask_ubuntu__955 oracle r0 status=executed reward=1.0 elapsed=121.9s remaining=59458s
[generator_gate] SETA_Synth/ask_ubuntu__955 nop r0 status=executed reward=0.0 elapsed=125.2s remaining=59455s
[generator_gate] SETA_Synth/ask_ubuntu__955 oracle r1 status=executed reward=1.0 elapsed=130.8s remaining=59449s
[generator_gate] SETA_Synth/ask_ubuntu__955 nop r1 status=executed reward=0.0 elapsed=65.6s remaining=59393s
[generator_gate] SETA_Synth/ask_ubuntu__296 nop r0 status=executed reward=0.0 elapsed=95.3s remaining=59297s
[generator_gate] SETA_Synth/ask_ubuntu__296 oracle r0 status=executed reward=1.0 elapsed=145.2s remaining=59247s
[generator_gate] SETA_Synth/ask_ubuntu__296 nop r1 status=executed reward=0.0 elapsed=55.1s remaining=59242s
[generator_gate] SETA_Synth/ask_ubuntu__296 oracle r1 status=executed reward=1.0 elapsed=155.8s remaining=59237s
[generator_gate] SETA_Synth/nl2bash__077 nop r0 status=executed reward=0.0 elapsed=170.2s remaining=59066s
[generator_gate] SETA_Synth/nl2bash__077 oracle r0 status=executed reward=1.0 elapsed=170.4s remaining=59066s
[generator_gate] SETA_Synth/nl2bash__077 oracle r1 status=executed reward=1.0 elapsed=175.2s remaining=59061s
[generator_gate] SETA_Synth/nl2bash__077 nop r1 status=executed reward=0.0 elapsed=30.0s remaining=59036s
[generator_gate] SETA_Synth/stack_overflow__51677788 oracle r0 status=executed reward=1.0 elapsed=45.0s remaining=58991s
[generator_gate] SETA_Synth/stack_overflow__51677788 oracle r1 status=executed reward=1.0 elapsed=45.0s remaining=58991s
[generator_gate] SETA_Synth/stack_overflow__51677788 nop r0 status=executed reward=0.0 elapsed=50.0s remaining=58986s
[generator_gate] SETA_Synth/stack_overflow__51677788 nop r1 status=executed reward=0.0 elapsed=25.0s remaining=58966s
[generator_gate] SETA_Evolve/ask_ubuntu__7__d1 oracle r0 status=executed reward=1.0 elapsed=50.8s remaining=58915s
[generator_gate] SETA_Evolve/ask_ubuntu__7__d1 nop r0 status=executed reward=0.0 elapsed=50.8s remaining=58915s
[generator_gate] SETA_Evolve/ask_ubuntu__7__d1 oracle r1 status=executed reward=1.0 elapsed=51.1s remaining=58915s
[generator_gate] SETA_Evolve/ask_ubuntu__7__d1 nop r1 status=executed reward=0.0 elapsed=71.7s remaining=58843s
[generator_gate] SETA_Synth/kaggle_notebook__ambrosm_tpsjan22-03-linear-model nop r0 status=executed reward=0.0 elapsed=247.2s remaining=58594s
[generator_gate] SETA_Synth/kaggle_notebook__ambrosm_tpsjan22-03-linear-model nop r1 status=executed reward=0.0 elapsed=86.6s remaining=58508s
[generator_gate] SETA_Synth/kaggle_notebook__ambrosm_tpsjan22-03-linear-model oracle r1 status=executed reward=1.0 elapsed=345.0s remaining=58497s
[generator_gate] SETA_Synth/kaggle_notebook__ambrosm_tpsjan22-03-linear-model oracle r0 status=executed reward=1.0 elapsed=345.0s remaining=58496s
[generator_gate] SETA_Synth/stack_overflow__24806183 nop r0 status=executed reward=0.0 elapsed=100.8s remaining=58395s
[generator_gate] SETA_Synth/stack_overflow__24806183 oracle r0 status=executed reward=1.0 elapsed=106.2s remaining=58389s
[generator_gate] SETA_Synth/stack_overflow__24806183 oracle r1 status=executed reward=1.0 elapsed=107.5s remaining=58388s
[generator_gate] SETA_Synth/stack_overflow__24806183 nop r1 status=executed reward=0.0 elapsed=51.4s remaining=58344s
[generator_gate] SETA_Synth/stack_overflow__37383812 oracle r0 status=executed reward=1.0 elapsed=116.4s remaining=58226s
[generator_gate] SETA_Synth/stack_overflow__37383812 oracle r1 status=executed reward=1.0 elapsed=116.4s remaining=58226s
[generator_gate] SETA_Synth/stack_overflow__37383812 nop r0 status=executed reward=0.0 elapsed=116.6s remaining=58226s
[generator_gate] SETA_Synth/stack_overflow__37383812 nop r1 status=executed reward=0.0 elapsed=65.9s remaining=58160s
[generator_gate] SETA_Synth/unix_linux_se__10735 oracle r1 status=executed reward=1.0 elapsed=202.9s remaining=57957s
[generator_gate] SETA_Synth/unix_linux_se__10735 oracle r0 status=executed reward=1.0 elapsed=207.9s remaining=57952s
[generator_gate] SETA_Synth/unix_linux_se__10735 nop r0 status=executed reward=0.0 elapsed=261.3s remaining=57898s
[generator_gate] SETA_Synth/unix_linux_se__10735 nop r1 status=executed reward=0.0 elapsed=141.3s remaining=57815s
[generator_gate] SETA_Synth/ask_ubuntu__6 nop r0 status=executed reward=0.0 elapsed=101.8s remaining=57713s
[generator_gate] SETA_Synth/ask_ubuntu__6 oracle r1 status=executed reward=1.0 elapsed=106.3s remaining=57708s
[generator_gate] SETA_Synth/ask_ubuntu__6 oracle r0 status=executed reward=1.0 elapsed=106.4s remaining=57708s
[generator_gate] SETA_Synth/ask_ubuntu__6 nop r1 status=executed reward=0.0 elapsed=66.0s remaining=57646s
[generator_gate] SETA_Synth/nl2bash__001 nop r0 status=executed reward=0.0 elapsed=131.8s remaining=57514s
[generator_gate] SETA_Synth/nl2bash__001 oracle r0 status=executed reward=1.0 elapsed=135.7s remaining=57510s
[generator_gate] SETA_Synth/nl2bash__001 oracle r1 status=executed reward=1.0 elapsed=136.7s remaining=57509s
[generator_gate] SETA_Synth/nl2bash__001 nop r1 status=executed reward=0.0 elapsed=60.3s remaining=57454s
[generator_gate] prune after 160 tasks: images=0B builder=14480000000B
[generator_gate] SETA_Synth/ask_ubuntu__67 oracle r1 status=executed reward=1.0 elapsed=117.9s remaining=57317s
[generator_gate] SETA_Synth/ask_ubuntu__67 nop r0 status=executed reward=0.0 elapsed=120.4s remaining=57315s
[generator_gate] SETA_Synth/ask_ubuntu__67 oracle r0 status=executed reward=1.0 elapsed=120.7s remaining=57314s
[generator_gate] SETA_Synth/ask_ubuntu__67 nop r1 status=executed reward=0.0 elapsed=65.3s remaining=57252s
[generator_gate] SETA_Synth/unix_linux_se__383460 nop r0 status=executed reward=0.0 elapsed=105.9s remaining=57145s
[generator_gate] SETA_Synth/unix_linux_se__383460 oracle r0 status=executed reward=1.0 elapsed=107.0s remaining=57144s
[generator_gate] SETA_Synth/unix_linux_se__383460 oracle r1 status=executed reward=1.0 elapsed=108.4s remaining=57142s
[generator_gate] SETA_Synth/unix_linux_se__383460 nop r1 status=executed reward=0.0 elapsed=65.4s remaining=57079s
[generator_gate] SETA_Evolve/ask_ubuntu__887__d1 nop r0 status=executed reward=0.0 elapsed=182.0s remaining=56897s
[generator_gate] SETA_Evolve/ask_ubuntu__887__d1 oracle r1 status=executed reward=1.0 elapsed=186.9s remaining=56892s
[generator_gate] SETA_Evolve/ask_ubuntu__887__d1 oracle r0 status=executed reward=1.0 elapsed=187.0s remaining=56892s
[generator_gate] SETA_Evolve/ask_ubuntu__887__d1 nop r1 status=executed reward=0.0 elapsed=60.7s remaining=56836s
[generator_gate] SETA_Synth/nl2bash__590 nop r0 status=executed reward=0.0 elapsed=110.6s remaining=56725s
[generator_gate] SETA_Synth/nl2bash__590 oracle r0 status=executed reward=1.0 elapsed=120.6s remaining=56715s
[generator_gate] SETA_Synth/nl2bash__590 oracle r1 status=executed reward=1.0 elapsed=125.3s remaining=56711s
[generator_gate] SETA_Synth/nl2bash__590 nop r1 status=executed reward=0.0 elapsed=60.5s remaining=56665s
[generator_gate] SETA_Synth/kaggle_notebook__hesankazemnia_car-price-prediction-with-linear-regression nop r0 status=executed reward=0.0 elapsed=141.2s remaining=56522s
[generator_gate] SETA_Synth/kaggle_notebook__hesankazemnia_car-price-prediction-with-linear-regression oracle r1 status=executed reward=1.0 elapsed=155.5s remaining=56508s
[generator_gate] SETA_Synth/kaggle_notebook__hesankazemnia_car-price-prediction-with-linear-regression oracle r0 status=executed reward=1.0 elapsed=156.0s remaining=56508s
[generator_gate] SETA_Synth/kaggle_notebook__hesankazemnia_car-price-prediction-with-linear-regression nop r1 status=executed reward=0.0 elapsed=90.3s remaining=56432s
[generator_gate] SETA_Evolve/ask_ubuntu__1314__d1 oracle r0 status=executed reward=1.0 elapsed=126.2s remaining=56305s
[generator_gate] SETA_Evolve/ask_ubuntu__1314__d1 nop r0 status=executed reward=0.0 elapsed=131.3s remaining=56300s
[generator_gate] SETA_Evolve/ask_ubuntu__1314__d1 oracle r1 status=executed reward=1.0 elapsed=131.3s remaining=56300s
[generator_gate] SETA_Evolve/ask_ubuntu__1314__d1 nop r1 status=executed reward=0.0 elapsed=55.1s remaining=56250s
[generator_gate] SETA_Synth/unix_linux_se__101867 oracle r0 status=executed reward=1.0 elapsed=175.8s remaining=56074s
[generator_gate] SETA_Synth/unix_linux_se__101867 oracle r1 status=executed reward=1.0 elapsed=176.1s remaining=56074s
[generator_gate] SETA_Synth/unix_linux_se__101867 nop r0 status=executed reward=0.0 elapsed=176.1s remaining=56074s
[generator_gate] SETA_Synth/unix_linux_se__101867 nop r1 status=executed reward=0.0 elapsed=60.4s remaining=56013s
[generator_gate] SETA_Synth/stack_overflow__52609263 nop r0 status=executed reward=0.0 elapsed=150.1s remaining=55863s
[generator_gate] SETA_Synth/stack_overflow__52609263 oracle r0 status=executed reward=1.0 elapsed=155.1s remaining=55858s
[generator_gate] SETA_Synth/stack_overflow__52609263 oracle r1 status=executed reward=1.0 elapsed=160.3s remaining=55853s
[generator_gate] SETA_Synth/stack_overflow__52609263 nop r1 status=executed reward=0.0 elapsed=65.0s remaining=55798s
[generator_gate] SETA_Synth/unix_linux_se__20645 nop r0 status=executed reward=0.0 elapsed=85.0s remaining=55713s
[generator_gate] SETA_Synth/unix_linux_se__20645 oracle r1 status=executed reward=1.0 elapsed=85.0s remaining=55713s
[generator_gate] SETA_Synth/unix_linux_se__20645 oracle r0 status=executed reward=1.0 elapsed=85.0s remaining=55713s
[generator_gate] SETA_Synth/unix_linux_se__20645 nop r1 status=executed reward=0.0 elapsed=30.0s remaining=55683s
[generator_gate] SETA_Synth/kaggle_notebook__mahnazarjmand_car-data-prediction-with-linear-regression nop r0 status=executed reward=0.0 elapsed=156.2s remaining=55527s
[generator_gate] SETA_Synth/kaggle_notebook__mahnazarjmand_car-data-prediction-with-linear-regression oracle r1 status=executed reward=1.0 elapsed=166.2s remaining=55517s
[generator_gate] SETA_Synth/kaggle_notebook__mahnazarjmand_car-data-prediction-with-linear-regression oracle r0 status=executed reward=1.0 elapsed=181.3s remaining=55501s
[generator_gate] SETA_Synth/kaggle_notebook__mahnazarjmand_car-data-prediction-with-linear-regression nop r1 status=executed reward=0.0 elapsed=65.7s remaining=55461s
[generator_gate] SETA_Evolve/ask_ubuntu__13__d1 oracle r0 status=infra reward=None elapsed=15.2s remaining=55445s
[generator_gate] SETA_Evolve/ask_ubuntu__13__d1 nop r0 status=infra reward=None elapsed=15.3s remaining=55445s
[generator_gate] SETA_Evolve/ask_ubuntu__13__d1 nop r1 status=executed reward=0.0 elapsed=123.4s remaining=55322s
[generator_gate] SETA_Evolve/ask_ubuntu__13__d1 oracle r1 status=executed reward=1.0 elapsed=155.6s remaining=55304s
[generator_gate] SETA_Synth/ask_ubuntu__516 nop r0 status=executed reward=0.0 elapsed=142.6s remaining=55161s
[generator_gate] SETA_Synth/ask_ubuntu__516 oracle r0 status=executed reward=1.0 elapsed=182.1s remaining=55121s
[generator_gate] SETA_Synth/ask_ubuntu__516 oracle r1 status=executed reward=1.0 elapsed=189.4s remaining=55114s
[generator_gate] SETA_Synth/ask_ubuntu__516 nop r1 status=executed reward=0.0 elapsed=66.4s remaining=55094s
[generator_gate] SETA_Synth/nl2bash__044 oracle r1 status=executed reward=1.0 elapsed=216.9s remaining=54877s
[generator_gate] SETA_Synth/nl2bash__044 nop r0 status=executed reward=0.0 elapsed=217.2s remaining=54877s
[generator_gate] SETA_Synth/nl2bash__044 oracle r0 status=executed reward=1.0 elapsed=217.2s remaining=54877s
[generator_gate] SETA_Synth/nl2bash__044 nop r1 status=executed reward=0.0 elapsed=90.7s remaining=54787s
[generator_gate] SETA_Synth/ask_ubuntu__165 nop r0 status=executed reward=0.0 elapsed=207.4s remaining=54576s
[generator_gate] SETA_Synth/ask_ubuntu__165 oracle r0 status=executed reward=1.0 elapsed=232.7s remaining=54550s
[generator_gate] SETA_Synth/ask_ubuntu__165 oracle r1 status=executed reward=1.0 elapsed=232.8s remaining=54550s
[generator_gate] SETA_Synth/ask_ubuntu__165 nop r1 status=executed reward=0.0 elapsed=134.5s remaining=54441s
[generator_gate] SETA_Synth/ask_ubuntu__274 nop r0 status=executed reward=0.0 elapsed=309.1s remaining=54130s
[generator_gate] SETA_Synth/ask_ubuntu__274 oracle r1 status=executed reward=1.0 elapsed=318.7s remaining=54121s
[generator_gate] SETA_Synth/ask_ubuntu__274 oracle r0 status=executed reward=1.0 elapsed=322.0s remaining=54118s
[generator_gate] SETA_Synth/ask_ubuntu__274 nop r1 status=executed reward=0.0 elapsed=133.3s remaining=53997s
[generator_gate] SETA_Evolve/nl2bash__nl2bash_task_024__d1 oracle r1 status=executed reward=1.0 elapsed=156.3s remaining=53839s
[generator_gate] SETA_Evolve/nl2bash__nl2bash_task_024__d1 oracle r0 status=executed reward=1.0 elapsed=156.5s remaining=53838s
[generator_gate] SETA_Evolve/nl2bash__nl2bash_task_024__d1 nop r0 status=executed reward=0.0 elapsed=159.0s remaining=53836s
[generator_gate] SETA_Evolve/nl2bash__nl2bash_task_024__d1 nop r1 status=executed reward=0.0 elapsed=86.8s remaining=53752s
[generator_gate] SETA_Synth/ask_ubuntu__903 oracle r0 status=executed reward=1.0 elapsed=162.3s remaining=53583s
[generator_gate] SETA_Synth/ask_ubuntu__903 nop r0 status=executed reward=0.0 elapsed=162.3s remaining=53583s
[generator_gate] SETA_Synth/ask_ubuntu__903 oracle r1 status=executed reward=1.0 elapsed=162.9s remaining=53583s
[generator_gate] SETA_Synth/ask_ubuntu__903 nop r1 status=executed reward=0.0 elapsed=96.9s remaining=53486s
[generator_gate] SETA_Synth/stack_overflow__37361145 nop r0 status=executed reward=0.0 elapsed=161.7s remaining=53323s
[generator_gate] SETA_Synth/stack_overflow__37361145 oracle r0 status=executed reward=1.0 elapsed=161.8s remaining=53323s
[generator_gate] SETA_Synth/stack_overflow__37361145 oracle r1 status=executed reward=1.0 elapsed=166.9s remaining=53318s
[generator_gate] SETA_Synth/stack_overflow__37361145 nop r1 status=executed reward=0.0 elapsed=71.1s remaining=53252s
[generator_gate] SETA_Synth/unix_linux_se__199482 nop r0 status=executed reward=0.0 elapsed=85.7s remaining=53166s
[generator_gate] SETA_Synth/unix_linux_se__199482 oracle r0 status=executed reward=1.0 elapsed=90.7s remaining=53161s
[generator_gate] SETA_Synth/unix_linux_se__199482 oracle r1 status=executed reward=1.0 elapsed=91.1s remaining=53161s
[generator_gate] SETA_Synth/unix_linux_se__199482 nop r1 status=executed reward=0.0 elapsed=60.6s remaining=53105s
[generator_gate] SETA_Synth/ask_ubuntu__79 oracle r1 status=executed reward=1.0 elapsed=90.9s remaining=53014s
[generator_gate] SETA_Synth/ask_ubuntu__79 nop r0 status=executed reward=0.0 elapsed=91.3s remaining=53014s
[generator_gate] SETA_Synth/ask_ubuntu__79 oracle r0 status=executed reward=1.0 elapsed=96.3s remaining=53009s
[generator_gate] SETA_Synth/ask_ubuntu__79 nop r1 status=executed reward=0.0 elapsed=61.6s remaining=52953s
[generator_gate] prune after 180 tasks: images=0B builder=16820000000B
[generator_gate] SETA_Synth/ask_ubuntu__143 nop r0 status=executed reward=0.0 elapsed=66.8s remaining=52865s
[generator_gate] SETA_Synth/ask_ubuntu__143 oracle r0 status=executed reward=1.0 elapsed=80.6s remaining=52851s
[generator_gate] SETA_Synth/ask_ubuntu__143 oracle r1 status=executed reward=1.0 elapsed=85.9s remaining=52846s
[generator_gate] SETA_Synth/ask_ubuntu__143 nop r1 status=executed reward=0.0 elapsed=76.0s remaining=52789s
[generator_gate] SETA_Synth/ask_ubuntu__570 nop r0 status=executed reward=0.0 elapsed=105.5s remaining=52683s
[generator_gate] SETA_Synth/ask_ubuntu__570 oracle r1 status=executed reward=1.0 elapsed=121.5s remaining=52667s
[generator_gate] SETA_Synth/ask_ubuntu__570 oracle r0 status=executed reward=1.0 elapsed=125.6s remaining=52663s
[generator_gate] SETA_Synth/ask_ubuntu__570 nop r1 status=executed reward=0.0 elapsed=76.2s remaining=52607s
[generator_gate] SETA_Synth/unix_linux_se__14312 nop r0 status=executed reward=0.0 elapsed=218.2s remaining=52389s
[generator_gate] SETA_Synth/unix_linux_se__14312 oracle r1 status=executed reward=1.0 elapsed=223.3s remaining=52384s
[generator_gate] SETA_Synth/unix_linux_se__14312 oracle r0 status=executed reward=1.0 elapsed=227.8s remaining=52379s
[generator_gate] SETA_Synth/unix_linux_se__14312 nop r1 status=executed reward=0.0 elapsed=71.4s remaining=52317s
[generator_gate] SETA_Synth/nl2bash__771 oracle r0 status=executed reward=1.0 elapsed=135.8s remaining=52181s
[generator_gate] SETA_Synth/nl2bash__771 nop r0 status=executed reward=0.0 elapsed=142.1s remaining=52174s
[generator_gate] SETA_Synth/nl2bash__771 oracle r1 status=executed reward=1.0 elapsed=146.2s remaining=52170s
[generator_gate] SETA_Synth/nl2bash__771 nop r1 status=executed reward=0.0 elapsed=67.2s remaining=52113s
[generator_gate] SETA_Synth/kaggle_notebook__ryanholbrook_exercise-seasonality nop r0 status=executed reward=0.0 elapsed=172.6s remaining=51940s
[generator_gate] SETA_Synth/kaggle_notebook__ryanholbrook_exercise-seasonality oracle r1 status=executed reward=1.0 elapsed=173.1s remaining=51940s
[generator_gate] SETA_Synth/kaggle_notebook__ryanholbrook_exercise-seasonality oracle r0 status=executed reward=1.0 elapsed=188.2s remaining=51924s
[generator_gate] SETA_Synth/kaggle_notebook__ryanholbrook_exercise-seasonality nop r1 status=executed reward=0.0 elapsed=75.3s remaining=51865s
[generator_gate] SETA_Synth/kaggle_notebook__chirag19_time-series-analysis-with-python-beginner nop r0 status=executed reward=0.0 elapsed=146.3s remaining=51717s
[generator_gate] SETA_Synth/kaggle_notebook__chirag19_time-series-analysis-with-python-beginner oracle r0 status=executed reward=1.0 elapsed=156.3s remaining=51707s
[generator_gate] SETA_Synth/kaggle_notebook__chirag19_time-series-analysis-with-python-beginner oracle r1 status=executed reward=1.0 elapsed=161.3s remaining=51702s
[generator_gate] SETA_Synth/kaggle_notebook__chirag19_time-series-analysis-with-python-beginner nop r1 status=executed reward=0.0 elapsed=75.7s remaining=51642s
[generator_gate] SETA_Synth/stack_overflow__75282917 nop r0 status=executed reward=0.0 elapsed=106.3s remaining=51534s
[generator_gate] SETA_Synth/stack_overflow__75282917 oracle r0 status=executed reward=1.0 elapsed=110.4s remaining=51530s
[generator_gate] SETA_Synth/stack_overflow__75282917 oracle r1 status=executed reward=1.0 elapsed=111.3s remaining=51529s
[generator_gate] SETA_Synth/stack_overflow__75282917 nop r1 status=executed reward=0.0 elapsed=56.1s remaining=51478s
[generator_gate] SETA_Synth/stack_overflow__16570523_1 nop r0 status=executed reward=0.0 elapsed=187.1s remaining=51291s
[generator_gate] SETA_Synth/stack_overflow__16570523_1 oracle r1 status=executed reward=1.0 elapsed=192.4s remaining=51285s
[generator_gate] SETA_Synth/stack_overflow__16570523_1 oracle r0 status=executed reward=1.0 elapsed=192.3s remaining=51285s
[generator_gate] SETA_Synth/stack_overflow__16570523_1 nop r1 status=executed reward=0.0 elapsed=76.8s remaining=51214s
[generator_gate] SETA_Evolve/stack_overflow__2305973__b1 oracle r0 status=executed reward=1.0 elapsed=142.5s remaining=51070s
[generator_gate] SETA_Evolve/stack_overflow__2305973__b1 nop r0 status=executed reward=0.0 elapsed=143.0s remaining=51070s
[generator_gate] SETA_Evolve/stack_overflow__2305973__b1 oracle r1 status=executed reward=1.0 elapsed=146.5s remaining=51066s
[generator_gate] SETA_Evolve/stack_overflow__2305973__b1 nop r1 status=executed reward=0.0 elapsed=66.6s remaining=51004s
[generator_gate] SETA_Evolve/ask_ubuntu__568__d1 nop r0 status=executed reward=0.0 elapsed=96.4s remaining=50906s
[generator_gate] SETA_Evolve/ask_ubuntu__568__d1 oracle r0 status=executed reward=1.0 elapsed=96.4s remaining=50906s
[generator_gate] SETA_Evolve/ask_ubuntu__568__d1 oracle r1 status=executed reward=1.0 elapsed=96.4s remaining=50906s
[generator_gate] SETA_Evolve/ask_ubuntu__568__d1 nop r1 status=executed reward=0.0 elapsed=30.0s remaining=50876s
[generator_gate] SETA_Synth/unix_linux_se__17257 oracle r0 status=executed reward=1.0 elapsed=35.0s remaining=50841s
[generator_gate] SETA_Synth/unix_linux_se__17257 nop r0 status=executed reward=0.0 elapsed=35.0s remaining=50841s
[generator_gate] SETA_Synth/unix_linux_se__17257 oracle r1 status=executed reward=1.0 elapsed=35.0s remaining=50841s
[generator_gate] SETA_Synth/unix_linux_se__17257 nop r1 status=executed reward=0.0 elapsed=25.0s remaining=50816s
[generator_gate] SETA_Synth/kaggle_notebook__arezalo_diabetes-logistic-regression nop r0 status=executed reward=0.0 elapsed=90.0s remaining=50726s
[generator_gate] SETA_Synth/kaggle_notebook__arezalo_diabetes-logistic-regression oracle r0 status=executed reward=1.0 elapsed=100.0s remaining=50716s
[generator_gate] SETA_Synth/kaggle_notebook__arezalo_diabetes-logistic-regression oracle r1 status=executed reward=1.0 elapsed=100.0s remaining=50716s
[generator_gate] SETA_Synth/kaggle_notebook__arezalo_diabetes-logistic-regression nop r1 status=executed reward=0.0 elapsed=30.0s remaining=50696s
[generator_gate] SETA_Synth/ask_ubuntu__66 oracle r1 status=executed reward=1.0 elapsed=35.0s remaining=50661s
[generator_gate] SETA_Synth/ask_ubuntu__66 oracle r0 status=executed reward=1.0 elapsed=35.0s remaining=50661s
[generator_gate] SETA_Synth/ask_ubuntu__66 nop r0 status=executed reward=0.0 elapsed=35.0s remaining=50661s
[generator_gate] SETA_Synth/ask_ubuntu__66 nop r1 status=executed reward=0.0 elapsed=30.0s remaining=50631s
[generator_gate] SETA_Synth/nl2bash__894 oracle r1 status=executed reward=1.0 elapsed=85.0s remaining=50546s
[generator_gate] SETA_Synth/nl2bash__894 nop r0 status=executed reward=0.0 elapsed=85.0s remaining=50546s
[generator_gate] SETA_Synth/nl2bash__894 oracle r0 status=executed reward=1.0 elapsed=85.0s remaining=50546s
[generator_gate] SETA_Synth/nl2bash__894 nop r1 status=executed reward=0.0 elapsed=35.0s remaining=50511s
[generator_gate] SETA_Synth/stack_overflow__45040312 nop r0 status=executed reward=0.0 elapsed=65.0s remaining=50445s
[generator_gate] SETA_Synth/stack_overflow__45040312 oracle r1 status=executed reward=1.0 elapsed=70.0s remaining=50440s
[generator_gate] SETA_Synth/stack_overflow__45040312 oracle r0 status=executed reward=1.0 elapsed=70.0s remaining=50440s
[generator_gate] SETA_Synth/stack_overflow__45040312 nop r1 status=executed reward=0.0 elapsed=66.0s remaining=50379s
[generator_gate] SETA_Synth/kaggle_notebook__dirgahalimsusilo_klasifikasi-penyakit-jantung nop r0 status=executed reward=0.0 elapsed=126.4s remaining=50252s
[generator_gate] SETA_Synth/kaggle_notebook__dirgahalimsusilo_klasifikasi-penyakit-jantung oracle r1 status=executed reward=1.0 elapsed=151.4s remaining=50227s
[generator_gate] SETA_Synth/kaggle_notebook__dirgahalimsusilo_klasifikasi-penyakit-jantung oracle r0 status=executed reward=1.0 elapsed=161.5s remaining=50217s
[generator_gate] SETA_Synth/kaggle_notebook__dirgahalimsusilo_klasifikasi-penyakit-jantung nop r1 status=executed reward=0.0 elapsed=55.6s remaining=50197s
[generator_gate] SETA_Synth/unix_linux_se__83260 nop r0 status=executed reward=0.0 elapsed=83.0s remaining=50113s
[generator_gate] SETA_Synth/unix_linux_se__83260 oracle r0 status=executed reward=1.0 elapsed=86.6s remaining=50109s
[generator_gate] SETA_Synth/unix_linux_se__83260 oracle r1 status=executed reward=1.0 elapsed=87.5s remaining=50108s
[generator_gate] SETA_Synth/unix_linux_se__83260 nop r1 status=executed reward=0.0 elapsed=40.4s remaining=50072s
[generator_gate] SETA_Evolve/ask_ubuntu__1347__d1 oracle r0 status=executed reward=1.0 elapsed=142.8s remaining=49929s
[generator_gate] SETA_Evolve/ask_ubuntu__1347__d1 oracle r1 status=executed reward=1.0 elapsed=145.7s remaining=49926s
[generator_gate] SETA_Evolve/ask_ubuntu__1347__d1 nop r0 status=executed reward=0.0 elapsed=145.7s remaining=49926s
[generator_gate] SETA_Evolve/ask_ubuntu__1347__d1 nop r1 status=executed reward=0.0 elapsed=65.8s remaining=49863s
[generator_gate] SETA_Evolve/ask_ubuntu__1280__d1 nop r0 status=executed reward=0.0 elapsed=336.3s remaining=49526s
[generator_gate] SETA_Evolve/ask_ubuntu__1280__d1 oracle r1 status=executed reward=1.0 elapsed=353.3s remaining=49510s
[generator_gate] SETA_Evolve/ask_ubuntu__1280__d1 oracle r0 status=executed reward=1.0 elapsed=355.0s remaining=49508s
[generator_gate] SETA_Evolve/ask_ubuntu__1280__d1 nop r1 status=executed reward=0.0 elapsed=117.1s remaining=49409s
[generator_gate] SETA_Synth/stack_overflow__12290023 nop r0 status=executed reward=0.0 elapsed=161.9s remaining=49247s
[generator_gate] SETA_Synth/stack_overflow__12290023 oracle r1 status=executed reward=1.0 elapsed=167.1s remaining=49242s
[generator_gate] SETA_Synth/stack_overflow__12290023 oracle r0 status=executed reward=1.0 elapsed=172.1s remaining=49237s
[generator_gate] SETA_Synth/stack_overflow__12290023 nop r1 status=executed reward=0.0 elapsed=66.6s remaining=49180s
[generator_gate] prune after 200 tasks: images=0B builder=14670000000B
{
  "generator": "seta",
  "protocol": "verifier_invalid.fresh_environment.execution",
  "grade": "A",
  "verifier_kind": "execution",
  "adjudicator": "machine",
  "n": 200,
  "N": 4569,
  "seed": "gen-gate-seta-v0",
  "n_tasks": 200,
  "n_rows": 800,
  "n_trials": 800,
  "n_executed": 798,
  "n_infra_trials": 2,
  "n_timeout_trials": 0,
  "n_no_reference": 0,
  "n_judge_stratum": 0,
  "n_invalid": 1,
  "n_valid": 198,
  "n_unadjudicated_tasks": 1,
  "n_infra_tasks": 1,
  "wall_clock_total": 37234.13332189433,
  "maintenance": [
    {
      "event": "prune",
      "after_tasks": 20,
      "ts": "2026-09-14T05:50:03+00:00",
      "image_bytes": 0,
      "builder_bytes": 19560000000,
      "networks_pruned": 0
    },
    {
      "event": "prune",
      "after_tasks": 40,
      "ts": "2026-09-14T06:27:32+00:00",
      "image_bytes": 0,
      "builder_bytes": 16700000000,
      "networks_pruned": 0
    },
    {
      "event": "prune",
      "after_tasks": 60,
      "ts": "2026-09-14T07:37:11+00:00",
      "image_bytes": 0,
      "builder_bytes": 16579999999,
      "networks_pruned": 0
    },
    {
      "event": "prune",
      "after_tasks": 80,
      "ts": "2026-09-14T08:24:19+00:00",
      "image_bytes": 0,
      "builder_bytes": 15560000000,
      "networks_pruned": 0
    },
    {
      "event": "prune",
      "after_tasks": 100,
      "ts": "2026-09-14T09:42:26+00:00",
      "image_bytes": 0,
      "builder_bytes": 12460000000,
      "networks_pruned": 0
    },
    {
      "event": "prune",
      "after_tasks": 120,
      "ts": "2026-09-14T10:49:19+00:00",
      "image_bytes": 0,
      "builder_bytes": 10150000000,
      "networks_pruned": 0
    },
    {
      "event": "prune",
      "after_tasks": 140,
      "ts": "2026-09-14T11:50:44+00:00",
      "image_bytes": 0,
      "builder_bytes": 13340000000,
      "networks_pruned": 0
    },
    {
      "event": "prune",
      "after_tasks": 160,
      "ts": "2026-09-14T13:03:34+00:00",
      "image_bytes": 0,
      "builder_bytes": 14480000000,
      "networks_pruned": 0
    },
    {
      "event": "prune",
      "after_tasks": 180,
      "ts": "2026-09-14T14:18:38+00:00",
      "image_bytes": 0,
      "builder_bytes": 16820000000,
      "networks_pruned": 0
    },
    {
      "event": "prune",
      "after_tasks": 200,
      "ts": "2026-09-14T15:21:24+00:00",
      "image_bytes": 0,
      "builder_bytes": 14670000000,
      "networks_pruned": 0
    }
  ],
  "certificate": {
    "path": "data/gold/gen_gate_seta.certificate.json",
    "decision": "incomplete",
    "complete": false,
    "k_invalid": null,
    "p_hat": null,
    "ucb95": null,
    "method": null,
    "epsilon": 0.05,
    "n_unadjudicated": 1,
    "strata": {
      "execution": 200
    }
  }
}
=== seta done 2026-09-14T11:21:24-04:00 rc=0
[generator_gate] tasks=200 k=2 probes=['oracle', 'nop'] concurrency=2 resume_rows=800 done=798 budget_sec=86400
[generator_gate] prune after 20 tasks: images=0B builder=0B
[generator_gate] prune after 40 tasks: images=0B builder=0B
[generator_gate] prune after 60 tasks: images=0B builder=0B
[generator_gate] prune after 80 tasks: images=0B builder=0B
[generator_gate] prune after 100 tasks: images=0B builder=0B
[generator_gate] prune after 120 tasks: images=0B builder=0B
[generator_gate] prune after 140 tasks: images=0B builder=0B
[generator_gate] prune after 160 tasks: images=0B builder=0B
[generator_gate] SETA_Evolve/ask_ubuntu__13__d1 oracle r0 status=executed reward=1.0 elapsed=273.9s remaining=86038s
[generator_gate] SETA_Evolve/ask_ubuntu__13__d1 nop r0 status=executed reward=0.0 elapsed=70.6s remaining=85968s
[generator_gate] prune after 180 tasks: images=0B builder=774100000B
[generator_gate] prune after 200 tasks: images=0B builder=0B
{
  "generator": "seta",
  "protocol": "verifier_invalid.fresh_environment.execution",
  "grade": "A",
  "verifier_kind": "execution",
  "adjudicator": "machine",
  "probes": [
    "oracle",
    "nop"
  ],
  "one_sided": false,
  "n": 200,
  "N": 4569,
  "seed": "gen-gate-seta-v0",
  "n_tasks": 200,
  "n_rows": 802,
  "n_trials": 800,
  "n_executed": 800,
  "n_infra_trials": 0,
  "n_timeout_trials": 0,
  "n_no_reference": 0,
  "n_judge_stratum": 0,
  "n_invalid": 1,
  "n_valid": 199,
  "n_unadjudicated_tasks": 0,
  "n_infra_tasks": 0,
  "wall_clock_total": 457.81256994977593,
  "maintenance": [
    {
      "event": "prune",
      "after_tasks": 20,
      "ts": "2026-09-14T15:22:15+00:00",
      "image_bytes": 0,
      "builder_bytes": 0,
      "networks_pruned": 0
    },
    {
      "event": "prune",
      "after_tasks": 40,
      "ts": "2026-09-14T15:22:23+00:00",
      "image_bytes": 0,
      "builder_bytes": 0,
      "networks_pruned": 0
    },
    {
      "event": "prune",
      "after_tasks": 60,
      "ts": "2026-09-14T15:22:30+00:00",
      "image_bytes": 0,
      "builder_bytes": 0,
      "networks_pruned": 0
    },
    {
      "event": "prune",
      "after_tasks": 80,
      "ts": "2026-09-14T15:22:40+00:00",
      "image_bytes": 0,
      "builder_bytes": 0,
      "networks_pruned": 0
    },
    {
      "event": "prune",
      "after_tasks": 100,
      "ts": "2026-09-14T15:22:50+00:00",
      "image_bytes": 0,
      "builder_bytes": 0,
      "networks_pruned": 0
    },
    {
      "event": "prune",
      "after_tasks": 120,
      "ts": "2026-09-14T15:23:04+00:00",
      "image_bytes": 0,
      "builder_bytes": 0,
      "networks_pruned": 0
    },
    {
      "event": "prune",
      "after_tasks": 140,
      "ts": "2026-09-14T15:23:17+00:00",
      "image_bytes": 0,
      "builder_bytes": 0,
      "networks_pruned": 0
    },
    {
      "event": "prune",
      "after_tasks": 160,
      "ts": "2026-09-14T15:23:30+00:00",
      "image_bytes": 0,
      "builder_bytes": 0,
      "networks_pruned": 0
    },
    {
      "event": "prune",
      "after_tasks": 180,
      "ts": "2026-09-14T15:29:30+00:00",
      "image_bytes": 0,
      "builder_bytes": 774100000,
      "networks_pruned": 0
    },
    {
      "event": "prune",
      "after_tasks": 200,
      "ts": "2026-09-14T15:29:46+00:00",
      "image_bytes": 0,
      "builder_bytes": 0,
      "networks_pruned": 0
    }
  ],
  "certificate": {
    "path": "data/gold/gen_gate_seta.certificate.json",
    "decision": "release",
    "complete": true,
    "k_invalid": 1,
    "p_hat": 0.005,
    "ucb95": 0.023199824906981834,
    "method": "hypergeometric-one-sided",
    "epsilon": 0.05,
    "n_unadjudicated": 0,
    "strata": {
      "execution": 200
    }
  }
}
