[generator_gate] tasks=200 k=2 concurrency=4 resume_rows=0 done=0 budget_sec=86400
[generator_gate] tasks/rts_task_0f1ede551bfc4a90c5594c1d nop r0 status=infra reward=None elapsed=5.0s remaining=86395s
[generator_gate] tasks/rts_task_0f1ede551bfc4a90c5594c1d oracle r0 status=infra reward=None elapsed=5.0s remaining=86395s
[generator_gate] tasks/rts_task_0f1ede551bfc4a90c5594c1d nop r1 status=infra reward=None elapsed=5.0s remaining=86395s
[generator_gate] tasks/rts_task_0f1ede551bfc4a90c5594c1d oracle r1 status=infra reward=None elapsed=5.0s remaining=86395s
permission denied while trying to connect to the docker API at unix:///var/run/docker.sock
[generator_gate] tasks/rts_task_8bfbcecb3682c66d1b57ad5a oracle r1 status=infra reward=None elapsed=5.0s remaining=86390s
[generator_gate] tasks/rts_task_8bfbcecb3682c66d1b57ad5a oracle r0 status=infra reward=None elapsed=5.0s remaining=86390s
[generator_gate] tasks/rts_task_8bfbcecb3682c66d1b57ad5a nop r0 status=infra reward=None elapsed=5.0s remaining=86390s
[generator_gate] tasks/rts_task_8bfbcecb3682c66d1b57ad5a nop r1 status=infra reward=None elapsed=5.0s remaining=86390s
permission denied while trying to connect to the docker API at unix:///var/run/docker.sock
[generator_gate] tasks/rts_task_2be94fa7a399829df023ed86 oracle r1 status=infra reward=None elapsed=5.0s remaining=86385s
[generator_gate] tasks/rts_task_2be94fa7a399829df023ed86 oracle r0 status=infra reward=None elapsed=5.0s remaining=86385s
[generator_gate] tasks/rts_task_2be94fa7a399829df023ed86 nop r1 status=infra reward=None elapsed=5.0s remaining=86385s
[generator_gate] tasks/rts_task_2be94fa7a399829df023ed86 nop r0 status=infra reward=None elapsed=5.0s remaining=86385s
permission denied while trying to connect to the docker API at unix:///var/run/docker.sock
[generator_gate] tasks/rts_task_4c1d7d3a431320b3b9108414 oracle r1 status=infra reward=None elapsed=5.0s remaining=86380s
[generator_gate] tasks/rts_task_4c1d7d3a431320b3b9108414 oracle r0 status=infra reward=None elapsed=5.0s remaining=86380s
[generator_gate] tasks/rts_task_4c1d7d3a431320b3b9108414 nop r1 status=infra reward=None elapsed=5.0s remaining=86380s
[generator_gate] tasks/rts_task_4c1d7d3a431320b3b9108414 nop r0 status=infra reward=None elapsed=5.0s remaining=86380s
permission denied while trying to connect to the docker API at unix:///var/run/docker.sock
[generator_gate] tasks/rts_task_0c44717c2645e579a09d2f85 oracle r0 status=infra reward=None elapsed=5.0s remaining=86375s
[generator_gate] tasks/rts_task_0c44717c2645e579a09d2f85 nop r0 status=infra reward=None elapsed=5.0s remaining=86375s
[generator_gate] tasks/rts_task_0c44717c2645e579a09d2f85 nop r1 status=infra reward=None elapsed=5.0s remaining=86375s
[generator_gate] tasks/rts_task_0c44717c2645e579a09d2f85 oracle r1 status=infra reward=None elapsed=5.0s remaining=86375s
permission denied while trying to connect to the docker API at unix:///var/run/docker.sock
[generator_gate] tasks/rts_task_911bf65f82d8a4899cfbf1a4 oracle r0 status=infra reward=None elapsed=5.0s remaining=86369s
[generator_gate] tasks/rts_task_911bf65f82d8a4899cfbf1a4 nop r0 status=infra reward=None elapsed=5.0s remaining=86369s
[generator_gate] tasks/rts_task_911bf65f82d8a4899cfbf1a4 nop r1 status=infra reward=None elapsed=5.0s remaining=86369s
[generator_gate] tasks/rts_task_911bf65f82d8a4899cfbf1a4 oracle r1 status=infra reward=None elapsed=5.0s remaining=86369s
permission denied while trying to connect to the docker API at unix:///var/run/docker.sock
[generator_gate] tasks/rts_task_2fd3294d4560d96b4ecf7acc oracle r1 status=infra reward=None elapsed=5.0s remaining=86364s
[generator_gate] tasks/rts_task_2fd3294d4560d96b4ecf7acc nop r0 status=infra reward=None elapsed=5.0s remaining=86364s
[generator_gate] tasks/rts_task_2fd3294d4560d96b4ecf7acc nop r1 status=infra reward=None elapsed=5.0s remaining=86364s
[generator_gate] tasks/rts_task_2fd3294d4560d96b4ecf7acc oracle r0 status=infra reward=None elapsed=5.0s remaining=86364s
permission denied while trying to connect to the docker API at unix:///var/run/docker.sock
[generator_gate] tasks/rts_task_507fe56af7a413b18a1e509a oracle r0 status=infra reward=None elapsed=5.0s remaining=86359s
[generator_gate] tasks/rts_task_507fe56af7a413b18a1e509a nop r1 status=infra reward=None elapsed=5.0s remaining=86359s
[generator_gate] tasks/rts_task_507fe56af7a413b18a1e509a nop r0 status=infra reward=None elapsed=5.0s remaining=86359s
[generator_gate] tasks/rts_task_507fe56af7a413b18a1e509a oracle r1 status=infra reward=None elapsed=5.0s remaining=86359s
permission denied while trying to connect to the docker API at unix:///var/run/docker.sock
[generator_gate] tasks/rts_task_ccad72cb97d70b8b4b6a61e2 oracle r0 status=infra reward=None elapsed=5.0s remaining=86354s
[generator_gate] tasks/rts_task_ccad72cb97d70b8b4b6a61e2 oracle r1 status=infra reward=None elapsed=5.0s remaining=86354s
[generator_gate] tasks/rts_task_ccad72cb97d70b8b4b6a61e2 nop r1 status=infra reward=None elapsed=5.0s remaining=86354s
[generator_gate] tasks/rts_task_ccad72cb97d70b8b4b6a61e2 nop r0 status=infra reward=None elapsed=5.0s remaining=86354s
permission denied while trying to connect to the docker API at unix:///var/run/docker.sock
[generator_gate] tasks/rts_task_ac8d75f4f9f277886c01ebae oracle r0 status=infra reward=None elapsed=5.0s remaining=86349s
[generator_gate] tasks/rts_task_ac8d75f4f9f277886c01ebae oracle r1 status=infra reward=None elapsed=5.0s remaining=86349s
[generator_gate] tasks/rts_task_ac8d75f4f9f277886c01ebae nop r1 status=infra reward=None elapsed=5.0s remaining=86349s
[generator_gate] tasks/rts_task_ac8d75f4f9f277886c01ebae nop r0 status=infra reward=None elapsed=5.0s remaining=86349s
permission denied while trying to connect to the docker API at unix:///var/run/docker.sock
[generator_gate] tasks/rts_task_2dca119f800095485c9362af nop r1 status=infra reward=None elapsed=5.0s remaining=86344s
[generator_gate] tasks/rts_task_2dca119f800095485c9362af oracle r1 status=infra reward=None elapsed=5.0s remaining=86344s
[generator_gate] tasks/rts_task_2dca119f800095485c9362af nop r0 status=infra reward=None elapsed=5.0s remaining=86344s
[generator_gate] tasks/rts_task_2dca119f800095485c9362af oracle r0 status=infra reward=None elapsed=5.0s remaining=86344s
permission denied while trying to connect to the docker API at unix:///var/run/docker.sock
[generator_gate] tasks/rts_task_80094a6d2cfa283e5ffcac25 oracle r0 status=infra reward=None elapsed=5.0s remaining=86339s
[generator_gate] tasks/rts_task_80094a6d2cfa283e5ffcac25 nop r0 status=infra reward=None elapsed=5.0s remaining=86339s
[generator_gate] tasks/rts_task_80094a6d2cfa283e5ffcac25 oracle r1 status=infra reward=None elapsed=5.0s remaining=86339s
[generator_gate] tasks/rts_task_80094a6d2cfa283e5ffcac25 nop r1 status=infra reward=None elapsed=5.0s remaining=86339s
permission denied while trying to connect to the docker API at unix:///var/run/docker.sock
[generator_gate] tasks/rts_task_f499bbccf11be97c330490f2 nop r0 status=infra reward=None elapsed=5.0s remaining=86334s
[generator_gate] tasks/rts_task_f499bbccf11be97c330490f2 oracle r0 status=infra reward=None elapsed=5.0s remaining=86334s
[generator_gate] tasks/rts_task_f499bbccf11be97c330490f2 nop r1 status=infra reward=None elapsed=5.0s remaining=86334s
[generator_gate] tasks/rts_task_f499bbccf11be97c330490f2 oracle r1 status=infra reward=None elapsed=5.0s remaining=86334s
permission denied while trying to connect to the docker API at unix:///var/run/docker.sock
[generator_gate] tasks/rts_task_4cd8f8fb70d56c915e5868c3 oracle r0 status=infra reward=None elapsed=5.0s remaining=86329s
[generator_gate] tasks/rts_task_4cd8f8fb70d56c915e5868c3 nop r1 status=infra reward=None elapsed=5.0s remaining=86329s
[generator_gate] tasks/rts_task_4cd8f8fb70d56c915e5868c3 oracle r1 status=infra reward=None elapsed=5.0s remaining=86329s
[generator_gate] tasks/rts_task_4cd8f8fb70d56c915e5868c3 nop r0 status=infra reward=None elapsed=5.0s remaining=86329s
permission denied while trying to connect to the docker API at unix:///var/run/docker.sock
[generator_gate] tasks/rts_task_5e1ade7eff3dd70b0cf22050 nop r0 status=infra reward=None elapsed=5.0s remaining=86323s
[generator_gate] tasks/rts_task_5e1ade7eff3dd70b0cf22050 nop r1 status=infra reward=None elapsed=5.0s remaining=86323s
[generator_gate] tasks/rts_task_5e1ade7eff3dd70b0cf22050 oracle r1 status=infra reward=None elapsed=5.0s remaining=86323s
[generator_gate] tasks/rts_task_5e1ade7eff3dd70b0cf22050 oracle r0 status=infra reward=None elapsed=5.0s remaining=86323s
permission denied while trying to connect to the docker API at unix:///var/run/docker.sock
[generator_gate] tasks/rts_task_a43db4539efce05656601584 oracle r0 status=infra reward=None elapsed=5.0s remaining=86318s
[generator_gate] tasks/rts_task_a43db4539efce05656601584 nop r0 status=infra reward=None elapsed=5.0s remaining=86318s
[generator_gate] tasks/rts_task_a43db4539efce05656601584 nop r1 status=infra reward=None elapsed=5.0s remaining=86318s
[generator_gate] tasks/rts_task_a43db4539efce05656601584 oracle r1 status=infra reward=None elapsed=5.0s remaining=86318s
permission denied while trying to connect to the docker API at unix:///var/run/docker.sock
[generator_gate] tasks/rts_task_bcb46b6ea1f6294f36efcf63 oracle r1 status=infra reward=None elapsed=5.0s remaining=86313s
[generator_gate] tasks/rts_task_bcb46b6ea1f6294f36efcf63 oracle r0 status=infra reward=None elapsed=5.0s remaining=86313s
[generator_gate] tasks/rts_task_bcb46b6ea1f6294f36efcf63 nop r0 status=infra reward=None elapsed=5.0s remaining=86313s
[generator_gate] tasks/rts_task_bcb46b6ea1f6294f36efcf63 nop r1 status=infra reward=None elapsed=5.0s remaining=86313s
permission denied while trying to connect to the docker API at unix:///var/run/docker.sock
[generator_gate] tasks/rts_task_aea5e76077bbc6e812571186 oracle r0 status=infra reward=None elapsed=5.0s remaining=86308s
[generator_gate] tasks/rts_task_aea5e76077bbc6e812571186 nop r1 status=infra reward=None elapsed=5.0s remaining=86308s
[generator_gate] tasks/rts_task_aea5e76077bbc6e812571186 nop r0 status=infra reward=None elapsed=5.0s remaining=86308s
[generator_gate] tasks/rts_task_aea5e76077bbc6e812571186 oracle r1 status=infra reward=None elapsed=5.0s remaining=86308s
permission denied while trying to connect to the docker API at unix:///var/run/docker.sock
[generator_gate] tasks/rts_task_428772f088f387a5a5931b6a nop r1 status=infra reward=None elapsed=5.0s remaining=86303s
[generator_gate] tasks/rts_task_428772f088f387a5a5931b6a oracle r1 status=infra reward=None elapsed=5.0s remaining=86303s
[generator_gate] tasks/rts_task_428772f088f387a5a5931b6a oracle r0 status=infra reward=None elapsed=5.0s remaining=86303s
[generator_gate] tasks/rts_task_428772f088f387a5a5931b6a nop r0 status=infra reward=None elapsed=5.0s remaining=86303s
permission denied while trying to connect to the docker API at unix:///var/run/docker.sock
[generator_gate] tasks/rts_task_b6bf12d08e7a62987a0b9420 oracle r1 status=infra reward=None elapsed=5.0s remaining=86298s
[generator_gate] tasks/rts_task_b6bf12d08e7a62987a0b9420 nop r1 status=infra reward=None elapsed=5.0s remaining=86298s
[generator_gate] tasks/rts_task_b6bf12d08e7a62987a0b9420 oracle r0 status=infra reward=None elapsed=5.0s remaining=86298s
[generator_gate] tasks/rts_task_b6bf12d08e7a62987a0b9420 nop r0 status=infra reward=None elapsed=5.0s remaining=86298s
permission denied while trying to connect to the docker API at unix:///var/run/docker.sock
[generator_gate] prune after 20 tasks: images=0B builder=0B
[generator_gate] tasks/rts_task_edf006e42eccda9cfb04a311 oracle r1 status=infra reward=None elapsed=5.0s remaining=86293s
[generator_gate] tasks/rts_task_edf006e42eccda9cfb04a311 nop r0 status=infra reward=None elapsed=5.0s remaining=86293s
[generator_gate] tasks/rts_task_edf006e42eccda9cfb04a311 oracle r0 status=infra reward=None elapsed=5.0s remaining=86293s
[generator_gate] tasks/rts_task_edf006e42eccda9cfb04a311 nop r1 status=infra reward=None elapsed=5.0s remaining=86293s
permission denied while trying to connect to the docker API at unix:///var/run/docker.sock
[generator_gate] tasks/rts_task_94c79c694b1cf56e6c5a071f nop r0 status=infra reward=None elapsed=5.0s remaining=86288s
[generator_gate] tasks/rts_task_94c79c694b1cf56e6c5a071f nop r1 status=infra reward=None elapsed=5.0s remaining=86288s
[generator_gate] tasks/rts_task_94c79c694b1cf56e6c5a071f oracle r0 status=infra reward=None elapsed=5.0s remaining=86288s
[generator_gate] tasks/rts_task_94c79c694b1cf56e6c5a071f oracle r1 status=infra reward=None elapsed=5.0s remaining=86288s
permission denied while trying to connect to the docker API at unix:///var/run/docker.sock
=== relaunch 2026-09-13T17:32:17-04:00 via sg docker
[generator_gate] tasks=200 k=2 concurrency=4 resume_rows=0 done=0 budget_sec=86400
[generator_gate] tasks/rts_task_0f1ede551bfc4a90c5594c1d nop r0 status=executed reward=0.0 elapsed=55.0s remaining=86345s
[generator_gate] tasks/rts_task_0f1ede551bfc4a90c5594c1d nop r1 status=executed reward=0.0 elapsed=55.0s remaining=86345s
[generator_gate] tasks/rts_task_0f1ede551bfc4a90c5594c1d oracle r1 status=executed reward=1.0 elapsed=110.0s remaining=86290s
[generator_gate] tasks/rts_task_0f1ede551bfc4a90c5594c1d oracle r0 status=executed reward=1.0 elapsed=115.0s remaining=86285s
[generator_gate] tasks/rts_task_8bfbcecb3682c66d1b57ad5a nop r0 status=executed reward=0.0 elapsed=55.0s remaining=86230s
[generator_gate] tasks/rts_task_8bfbcecb3682c66d1b57ad5a oracle r0 status=executed reward=1.0 elapsed=55.0s remaining=86230s
[generator_gate] tasks/rts_task_8bfbcecb3682c66d1b57ad5a nop r1 status=executed reward=0.0 elapsed=55.0s remaining=86230s
[generator_gate] tasks/rts_task_8bfbcecb3682c66d1b57ad5a oracle r1 status=executed reward=1.0 elapsed=55.0s remaining=86230s
[generator_gate] tasks/rts_task_2be94fa7a399829df023ed86 oracle r0 status=executed reward=1.0 elapsed=55.0s remaining=86175s
[generator_gate] tasks/rts_task_2be94fa7a399829df023ed86 oracle r1 status=executed reward=1.0 elapsed=55.0s remaining=86175s
[generator_gate] tasks/rts_task_2be94fa7a399829df023ed86 nop r1 status=executed reward=0.0 elapsed=55.0s remaining=86175s
[generator_gate] tasks/rts_task_2be94fa7a399829df023ed86 nop r0 status=executed reward=0.0 elapsed=55.0s remaining=86175s
[generator_gate] tasks/rts_task_4c1d7d3a431320b3b9108414 nop r0 status=executed reward=0.0 elapsed=90.0s remaining=86085s
[generator_gate] tasks/rts_task_4c1d7d3a431320b3b9108414 oracle r1 status=executed reward=1.0 elapsed=90.0s remaining=86085s
[generator_gate] tasks/rts_task_4c1d7d3a431320b3b9108414 oracle r0 status=executed reward=1.0 elapsed=90.0s remaining=86085s
[generator_gate] tasks/rts_task_4c1d7d3a431320b3b9108414 nop r1 status=executed reward=0.0 elapsed=90.0s remaining=86085s
[generator_gate] tasks/rts_task_0c44717c2645e579a09d2f85 nop r0 status=executed reward=0.0 elapsed=55.0s remaining=86030s
[generator_gate] tasks/rts_task_0c44717c2645e579a09d2f85 nop r1 status=executed reward=0.0 elapsed=55.0s remaining=86030s
[generator_gate] tasks/rts_task_0c44717c2645e579a09d2f85 oracle r0 status=executed reward=1.0 elapsed=55.0s remaining=86030s
[generator_gate] tasks/rts_task_0c44717c2645e579a09d2f85 oracle r1 status=executed reward=1.0 elapsed=55.0s remaining=86030s
[generator_gate] tasks/rts_task_911bf65f82d8a4899cfbf1a4 oracle r0 status=executed reward=1.0 elapsed=40.0s remaining=85989s
[generator_gate] tasks/rts_task_911bf65f82d8a4899cfbf1a4 nop r0 status=executed reward=0.0 elapsed=40.0s remaining=85989s
[generator_gate] tasks/rts_task_911bf65f82d8a4899cfbf1a4 oracle r1 status=executed reward=1.0 elapsed=40.0s remaining=85989s
[generator_gate] tasks/rts_task_911bf65f82d8a4899cfbf1a4 nop r1 status=executed reward=0.0 elapsed=40.0s remaining=85989s
[generator_gate] tasks/rts_task_2fd3294d4560d96b4ecf7acc nop r1 status=executed reward=0.0 elapsed=85.0s remaining=85904s
[generator_gate] tasks/rts_task_2fd3294d4560d96b4ecf7acc nop r0 status=executed reward=0.0 elapsed=85.1s remaining=85904s
[generator_gate] tasks/rts_task_2fd3294d4560d96b4ecf7acc oracle r1 status=executed reward=1.0 elapsed=90.3s remaining=85899s
[generator_gate] tasks/rts_task_2fd3294d4560d96b4ecf7acc oracle r0 status=executed reward=1.0 elapsed=90.3s remaining=85899s
[generator_gate] tasks/rts_task_507fe56af7a413b18a1e509a nop r0 status=executed reward=0.0 elapsed=65.0s remaining=85834s
[generator_gate] tasks/rts_task_507fe56af7a413b18a1e509a oracle r0 status=executed reward=1.0 elapsed=65.0s remaining=85834s
[generator_gate] tasks/rts_task_507fe56af7a413b18a1e509a oracle r1 status=executed reward=1.0 elapsed=65.0s remaining=85834s
[generator_gate] tasks/rts_task_507fe56af7a413b18a1e509a nop r1 status=executed reward=0.0 elapsed=65.0s remaining=85834s
[generator_gate] tasks/rts_task_ccad72cb97d70b8b4b6a61e2 oracle r0 status=executed reward=1.0 elapsed=50.0s remaining=85784s
[generator_gate] tasks/rts_task_ccad72cb97d70b8b4b6a61e2 oracle r1 status=executed reward=1.0 elapsed=50.0s remaining=85784s
[generator_gate] tasks/rts_task_ccad72cb97d70b8b4b6a61e2 nop r1 status=executed reward=0.0 elapsed=50.0s remaining=85784s
[generator_gate] tasks/rts_task_ccad72cb97d70b8b4b6a61e2 nop r0 status=executed reward=0.0 elapsed=50.0s remaining=85784s
[generator_gate] tasks/rts_task_ac8d75f4f9f277886c01ebae oracle r1 status=executed reward=1.0 elapsed=60.0s remaining=85724s
[generator_gate] tasks/rts_task_ac8d75f4f9f277886c01ebae nop r1 status=executed reward=0.0 elapsed=60.0s remaining=85724s
[generator_gate] tasks/rts_task_ac8d75f4f9f277886c01ebae oracle r0 status=executed reward=1.0 elapsed=60.0s remaining=85724s
[generator_gate] tasks/rts_task_ac8d75f4f9f277886c01ebae nop r0 status=executed reward=0.0 elapsed=60.0s remaining=85724s
[generator_gate] tasks/rts_task_2dca119f800095485c9362af nop r1 status=executed reward=0.0 elapsed=75.0s remaining=85649s
[generator_gate] tasks/rts_task_2dca119f800095485c9362af oracle r1 status=executed reward=1.0 elapsed=75.0s remaining=85649s
[generator_gate] tasks/rts_task_2dca119f800095485c9362af oracle r0 status=executed reward=1.0 elapsed=75.0s remaining=85649s
[generator_gate] tasks/rts_task_2dca119f800095485c9362af nop r0 status=executed reward=0.0 elapsed=75.0s remaining=85649s
[generator_gate] tasks/rts_task_80094a6d2cfa283e5ffcac25 nop r1 status=executed reward=0.0 elapsed=55.0s remaining=85593s
[generator_gate] tasks/rts_task_80094a6d2cfa283e5ffcac25 oracle r1 status=executed reward=1.0 elapsed=55.0s remaining=85593s
[generator_gate] tasks/rts_task_80094a6d2cfa283e5ffcac25 nop r0 status=executed reward=0.0 elapsed=55.0s remaining=85593s
[generator_gate] tasks/rts_task_80094a6d2cfa283e5ffcac25 oracle r0 status=executed reward=1.0 elapsed=60.0s remaining=85588s
[generator_gate] tasks/rts_task_f499bbccf11be97c330490f2 nop r1 status=executed reward=0.0 elapsed=55.0s remaining=85533s
[generator_gate] tasks/rts_task_f499bbccf11be97c330490f2 oracle r1 status=executed reward=1.0 elapsed=55.0s remaining=85533s
[generator_gate] tasks/rts_task_f499bbccf11be97c330490f2 nop r0 status=executed reward=0.0 elapsed=55.0s remaining=85533s
[generator_gate] tasks/rts_task_f499bbccf11be97c330490f2 oracle r0 status=executed reward=1.0 elapsed=55.0s remaining=85533s
[generator_gate] tasks/rts_task_4cd8f8fb70d56c915e5868c3 nop r1 status=executed reward=0.0 elapsed=55.0s remaining=85478s
[generator_gate] tasks/rts_task_4cd8f8fb70d56c915e5868c3 oracle r1 status=executed reward=1.0 elapsed=55.0s remaining=85478s
[generator_gate] tasks/rts_task_4cd8f8fb70d56c915e5868c3 oracle r0 status=executed reward=1.0 elapsed=55.0s remaining=85478s
[generator_gate] tasks/rts_task_4cd8f8fb70d56c915e5868c3 nop r0 status=executed reward=0.0 elapsed=55.0s remaining=85478s
[generator_gate] tasks/rts_task_5e1ade7eff3dd70b0cf22050 nop r0 status=executed reward=0.0 elapsed=70.0s remaining=85408s
[generator_gate] tasks/rts_task_5e1ade7eff3dd70b0cf22050 nop r1 status=executed reward=0.0 elapsed=70.0s remaining=85408s
[generator_gate] tasks/rts_task_5e1ade7eff3dd70b0cf22050 oracle r1 status=executed reward=1.0 elapsed=100.0s remaining=85378s
[generator_gate] tasks/rts_task_5e1ade7eff3dd70b0cf22050 oracle r0 status=executed reward=1.0 elapsed=100.0s remaining=85378s
[generator_gate] tasks/rts_task_a43db4539efce05656601584 nop r0 status=executed reward=0.0 elapsed=65.0s remaining=85313s
[generator_gate] tasks/rts_task_a43db4539efce05656601584 nop r1 status=executed reward=0.0 elapsed=70.0s remaining=85308s
[generator_gate] tasks/rts_task_a43db4539efce05656601584 oracle r0 status=executed reward=1.0 elapsed=70.0s remaining=85308s
[generator_gate] tasks/rts_task_a43db4539efce05656601584 oracle r1 status=executed reward=1.0 elapsed=70.0s remaining=85308s
[generator_gate] tasks/rts_task_bcb46b6ea1f6294f36efcf63 nop r1 status=executed reward=0.0 elapsed=85.0s remaining=85223s
[generator_gate] tasks/rts_task_bcb46b6ea1f6294f36efcf63 nop r0 status=executed reward=0.0 elapsed=90.0s remaining=85218s
[generator_gate] tasks/rts_task_bcb46b6ea1f6294f36efcf63 oracle r0 status=executed reward=1.0 elapsed=90.0s remaining=85218s
[generator_gate] tasks/rts_task_bcb46b6ea1f6294f36efcf63 oracle r1 status=executed reward=1.0 elapsed=90.0s remaining=85218s
[generator_gate] tasks/rts_task_aea5e76077bbc6e812571186 nop r1 status=executed reward=0.0 elapsed=55.0s remaining=85163s
[generator_gate] tasks/rts_task_aea5e76077bbc6e812571186 nop r0 status=executed reward=0.0 elapsed=55.0s remaining=85163s
[generator_gate] tasks/rts_task_aea5e76077bbc6e812571186 oracle r0 status=executed reward=1.0 elapsed=60.0s remaining=85158s
[generator_gate] tasks/rts_task_aea5e76077bbc6e812571186 oracle r1 status=executed reward=1.0 elapsed=60.0s remaining=85158s
[generator_gate] tasks/rts_task_428772f088f387a5a5931b6a nop r1 status=executed reward=0.0 elapsed=55.0s remaining=85103s
[generator_gate] tasks/rts_task_428772f088f387a5a5931b6a nop r0 status=executed reward=0.0 elapsed=55.0s remaining=85103s
[generator_gate] tasks/rts_task_428772f088f387a5a5931b6a oracle r0 status=executed reward=0.0 elapsed=60.0s remaining=85098s
[generator_gate] tasks/rts_task_428772f088f387a5a5931b6a oracle r1 status=executed reward=1.0 elapsed=70.0s remaining=85088s
[generator_gate] tasks/rts_task_b6bf12d08e7a62987a0b9420 nop r1 status=executed reward=0.0 elapsed=45.0s remaining=85042s
[generator_gate] tasks/rts_task_b6bf12d08e7a62987a0b9420 oracle r1 status=executed reward=1.0 elapsed=45.0s remaining=85042s
[generator_gate] tasks/rts_task_b6bf12d08e7a62987a0b9420 oracle r0 status=executed reward=1.0 elapsed=45.0s remaining=85042s
[generator_gate] tasks/rts_task_b6bf12d08e7a62987a0b9420 nop r0 status=executed reward=0.0 elapsed=45.0s remaining=85042s
[generator_gate] prune after 20 tasks: images=139700000B builder=4834000000B
[generator_gate] tasks/rts_task_edf006e42eccda9cfb04a311 nop r0 status=executed reward=0.0 elapsed=60.0s remaining=84977s
[generator_gate] tasks/rts_task_edf006e42eccda9cfb04a311 oracle r0 status=executed reward=1.0 elapsed=65.0s remaining=84972s
[generator_gate] tasks/rts_task_edf006e42eccda9cfb04a311 nop r1 status=executed reward=0.0 elapsed=65.0s remaining=84972s
[generator_gate] tasks/rts_task_edf006e42eccda9cfb04a311 oracle r1 status=executed reward=1.0 elapsed=65.0s remaining=84972s
[generator_gate] tasks/rts_task_94c79c694b1cf56e6c5a071f nop r1 status=executed reward=0.0 elapsed=55.0s remaining=84916s
[generator_gate] tasks/rts_task_94c79c694b1cf56e6c5a071f oracle r0 status=executed reward=1.0 elapsed=55.0s remaining=84916s
[generator_gate] tasks/rts_task_94c79c694b1cf56e6c5a071f oracle r1 status=executed reward=1.0 elapsed=55.0s remaining=84916s
[generator_gate] tasks/rts_task_94c79c694b1cf56e6c5a071f nop r0 status=executed reward=0.0 elapsed=55.0s remaining=84916s
[generator_gate] tasks/rts_task_fb8b6dfe733becd419165a35 nop r0 status=executed reward=0.0 elapsed=50.0s remaining=84866s
[generator_gate] tasks/rts_task_fb8b6dfe733becd419165a35 nop r1 status=executed reward=0.0 elapsed=50.0s remaining=84866s
[generator_gate] tasks/rts_task_fb8b6dfe733becd419165a35 oracle r1 status=executed reward=1.0 elapsed=55.0s remaining=84861s
[generator_gate] tasks/rts_task_fb8b6dfe733becd419165a35 oracle r0 status=executed reward=1.0 elapsed=55.0s remaining=84861s
[generator_gate] tasks/rts_task_0e78f51893db713eac1293e7 oracle r1 status=infra reward=None elapsed=40.0s remaining=84821s
[generator_gate] tasks/rts_task_0e78f51893db713eac1293e7 nop r0 status=infra reward=None elapsed=40.0s remaining=84821s
[generator_gate] tasks/rts_task_0e78f51893db713eac1293e7 nop r1 status=infra reward=None elapsed=40.0s remaining=84821s
[generator_gate] tasks/rts_task_0e78f51893db713eac1293e7 oracle r0 status=infra reward=None elapsed=40.0s remaining=84821s
[generator_gate] tasks/rts_task_702ef5232a8f14f636fc82da nop r1 status=executed reward=0.0 elapsed=55.0s remaining=84766s
[generator_gate] tasks/rts_task_702ef5232a8f14f636fc82da nop r0 status=executed reward=0.0 elapsed=55.0s remaining=84766s
[generator_gate] tasks/rts_task_702ef5232a8f14f636fc82da oracle r1 status=executed reward=1.0 elapsed=55.0s remaining=84766s
[generator_gate] tasks/rts_task_702ef5232a8f14f636fc82da oracle r0 status=executed reward=1.0 elapsed=55.0s remaining=84766s
[generator_gate] tasks/rts_task_4e39298fe24c3485f53c0cc8 oracle r1 status=executed reward=1.0 elapsed=65.0s remaining=84701s
[generator_gate] tasks/rts_task_4e39298fe24c3485f53c0cc8 nop r1 status=executed reward=0.0 elapsed=65.0s remaining=84701s
[generator_gate] tasks/rts_task_4e39298fe24c3485f53c0cc8 nop r0 status=executed reward=0.0 elapsed=65.0s remaining=84701s
[generator_gate] tasks/rts_task_4e39298fe24c3485f53c0cc8 oracle r0 status=executed reward=1.0 elapsed=70.0s remaining=84696s
[generator_gate] tasks/rts_task_bbcc9912dbd33614189415f4 nop r1 status=executed reward=0.0 elapsed=90.0s remaining=84606s
[generator_gate] tasks/rts_task_bbcc9912dbd33614189415f4 nop r0 status=executed reward=0.0 elapsed=90.0s remaining=84606s
[generator_gate] tasks/rts_task_bbcc9912dbd33614189415f4 oracle r0 status=executed reward=1.0 elapsed=115.0s remaining=84581s
[generator_gate] tasks/rts_task_bbcc9912dbd33614189415f4 oracle r1 status=executed reward=1.0 elapsed=115.0s remaining=84581s
[generator_gate] tasks/rts_task_880f19863c4b2328adfa9c6f nop r1 status=executed reward=0.0 elapsed=50.0s remaining=84531s
[generator_gate] tasks/rts_task_880f19863c4b2328adfa9c6f nop r0 status=executed reward=0.0 elapsed=50.0s remaining=84531s
[generator_gate] tasks/rts_task_880f19863c4b2328adfa9c6f oracle r0 status=executed reward=1.0 elapsed=55.0s remaining=84526s
[generator_gate] tasks/rts_task_880f19863c4b2328adfa9c6f oracle r1 status=executed reward=1.0 elapsed=55.0s remaining=84526s
[generator_gate] tasks/rts_task_c744c6457a3643889d84f08a oracle r1 status=executed reward=1.0 elapsed=60.0s remaining=84465s
[generator_gate] tasks/rts_task_c744c6457a3643889d84f08a nop r0 status=executed reward=0.0 elapsed=60.0s remaining=84465s
[generator_gate] tasks/rts_task_c744c6457a3643889d84f08a nop r1 status=executed reward=0.0 elapsed=60.0s remaining=84465s
[generator_gate] tasks/rts_task_c744c6457a3643889d84f08a oracle r0 status=executed reward=1.0 elapsed=60.0s remaining=84465s
[generator_gate] tasks/rts_task_c22a5d4a1f0c914baa5dfe44 nop r1 status=executed reward=0.0 elapsed=40.0s remaining=84425s
[generator_gate] tasks/rts_task_c22a5d4a1f0c914baa5dfe44 oracle r0 status=executed reward=1.0 elapsed=45.0s remaining=84420s
[generator_gate] tasks/rts_task_c22a5d4a1f0c914baa5dfe44 nop r0 status=executed reward=0.0 elapsed=45.0s remaining=84420s
[generator_gate] tasks/rts_task_c22a5d4a1f0c914baa5dfe44 oracle r1 status=executed reward=1.0 elapsed=45.0s remaining=84420s
[generator_gate] tasks/rts_task_a8c939ca1e376a318589a543 oracle r0 status=executed reward=1.0 elapsed=85.0s remaining=84335s
[generator_gate] tasks/rts_task_a8c939ca1e376a318589a543 nop r1 status=executed reward=0.0 elapsed=85.0s remaining=84335s
[generator_gate] tasks/rts_task_a8c939ca1e376a318589a543 nop r0 status=executed reward=0.0 elapsed=85.0s remaining=84335s
[generator_gate] tasks/rts_task_a8c939ca1e376a318589a543 oracle r1 status=executed reward=1.0 elapsed=85.0s remaining=84335s
[generator_gate] tasks/rts_task_8e93db1b263a1a8d1e6baf0c nop r0 status=executed reward=0.0 elapsed=115.0s remaining=84220s
[generator_gate] tasks/rts_task_8e93db1b263a1a8d1e6baf0c nop r1 status=executed reward=0.0 elapsed=115.0s remaining=84220s
[generator_gate] tasks/rts_task_8e93db1b263a1a8d1e6baf0c oracle r0 status=executed reward=1.0 elapsed=125.0s remaining=84210s
[generator_gate] tasks/rts_task_8e93db1b263a1a8d1e6baf0c oracle r1 status=executed reward=1.0 elapsed=125.0s remaining=84210s
[generator_gate] tasks/rts_task_2d4e5f6aae8fa9f3450f7519 nop r1 status=executed reward=0.0 elapsed=85.0s remaining=84125s
[generator_gate] tasks/rts_task_2d4e5f6aae8fa9f3450f7519 nop r0 status=executed reward=0.0 elapsed=85.1s remaining=84125s
[generator_gate] tasks/rts_task_2d4e5f6aae8fa9f3450f7519 oracle r0 status=executed reward=1.0 elapsed=155.3s remaining=84055s
[generator_gate] tasks/rts_task_2d4e5f6aae8fa9f3450f7519 oracle r1 status=executed reward=1.0 elapsed=155.5s remaining=84054s
[generator_gate] tasks/rts_task_235dbae7fe9f313d52162f96 nop r0 status=executed reward=0.0 elapsed=80.1s remaining=83974s
[generator_gate] tasks/rts_task_235dbae7fe9f313d52162f96 nop r1 status=executed reward=0.0 elapsed=80.2s remaining=83974s
[generator_gate] tasks/rts_task_235dbae7fe9f313d52162f96 oracle r0 status=executed reward=1.0 elapsed=85.1s remaining=83969s
[generator_gate] tasks/rts_task_235dbae7fe9f313d52162f96 oracle r1 status=executed reward=1.0 elapsed=85.1s remaining=83969s
[generator_gate] tasks/rts_task_b8e3bb122a81193e9ff20988 oracle r0 status=executed reward=1.0 elapsed=60.0s remaining=83909s
[generator_gate] tasks/rts_task_b8e3bb122a81193e9ff20988 nop r1 status=executed reward=0.0 elapsed=65.1s remaining=83904s
[generator_gate] tasks/rts_task_b8e3bb122a81193e9ff20988 oracle r1 status=executed reward=1.0 elapsed=65.1s remaining=83904s
[generator_gate] tasks/rts_task_b8e3bb122a81193e9ff20988 nop r0 status=executed reward=0.0 elapsed=65.1s remaining=83904s
[generator_gate] tasks/rts_task_19368c1d3d6aee4bb5f1556a nop r0 status=executed reward=0.0 elapsed=50.0s remaining=83853s
[generator_gate] tasks/rts_task_19368c1d3d6aee4bb5f1556a oracle r1 status=executed reward=1.0 elapsed=50.0s remaining=83853s
[generator_gate] tasks/rts_task_19368c1d3d6aee4bb5f1556a nop r1 status=executed reward=0.0 elapsed=50.0s remaining=83853s
[generator_gate] tasks/rts_task_19368c1d3d6aee4bb5f1556a oracle r0 status=executed reward=1.0 elapsed=50.0s remaining=83853s
[generator_gate] tasks/rts_task_21f49219730939af1c41a564 nop r0 status=executed reward=0.0 elapsed=65.0s remaining=83788s
[generator_gate] tasks/rts_task_21f49219730939af1c41a564 nop r1 status=executed reward=0.0 elapsed=65.0s remaining=83788s
[generator_gate] tasks/rts_task_21f49219730939af1c41a564 oracle r0 status=executed reward=1.0 elapsed=70.0s remaining=83783s
[generator_gate] tasks/rts_task_21f49219730939af1c41a564 oracle r1 status=executed reward=1.0 elapsed=70.0s remaining=83783s
[generator_gate] tasks/rts_task_4333043cff156dc6c71f09f4 nop r1 status=executed reward=0.0 elapsed=60.0s remaining=83723s
[generator_gate] tasks/rts_task_4333043cff156dc6c71f09f4 oracle r1 status=executed reward=1.0 elapsed=60.0s remaining=83723s
[generator_gate] tasks/rts_task_4333043cff156dc6c71f09f4 nop r0 status=executed reward=0.0 elapsed=60.0s remaining=83723s
[generator_gate] tasks/rts_task_4333043cff156dc6c71f09f4 oracle r0 status=executed reward=1.0 elapsed=60.0s remaining=83723s
[generator_gate] tasks/rts_task_d79eb6c33901e85662d020d9 nop r1 status=executed reward=0.0 elapsed=85.0s remaining=83638s
[generator_gate] tasks/rts_task_d79eb6c33901e85662d020d9 nop r0 status=executed reward=0.0 elapsed=85.0s remaining=83638s
[generator_gate] tasks/rts_task_d79eb6c33901e85662d020d9 oracle r1 status=executed reward=1.0 elapsed=170.0s remaining=83553s
[generator_gate] tasks/rts_task_d79eb6c33901e85662d020d9 oracle r0 status=executed reward=1.0 elapsed=170.1s remaining=83553s
[generator_gate] tasks/rts_task_bd73889cfaecc4ea5c79889e nop r0 status=executed reward=0.0 elapsed=70.0s remaining=83483s
[generator_gate] tasks/rts_task_bd73889cfaecc4ea5c79889e nop r1 status=executed reward=0.0 elapsed=70.0s remaining=83483s
[generator_gate] tasks/rts_task_bd73889cfaecc4ea5c79889e oracle r0 status=executed reward=1.0 elapsed=75.0s remaining=83478s
[generator_gate] tasks/rts_task_bd73889cfaecc4ea5c79889e oracle r1 status=executed reward=1.0 elapsed=75.0s remaining=83478s
[generator_gate] prune after 40 tasks: images=0B builder=9095000000B
[generator_gate] tasks/rts_task_23461a999172c7395868c97b nop r0 status=executed reward=0.0 elapsed=55.0s remaining=83414s
[generator_gate] tasks/rts_task_23461a999172c7395868c97b nop r1 status=executed reward=0.0 elapsed=55.0s remaining=83414s
[generator_gate] tasks/rts_task_23461a999172c7395868c97b oracle r1 status=executed reward=1.0 elapsed=60.0s remaining=83409s
[generator_gate] tasks/rts_task_23461a999172c7395868c97b oracle r0 status=executed reward=1.0 elapsed=60.0s remaining=83409s
[generator_gate] tasks/rts_task_05b12b8f06acd0e46d3f0039 oracle r1 status=executed reward=1.0 elapsed=60.0s remaining=83349s
[generator_gate] tasks/rts_task_05b12b8f06acd0e46d3f0039 oracle r0 status=executed reward=1.0 elapsed=60.0s remaining=83349s
[generator_gate] tasks/rts_task_05b12b8f06acd0e46d3f0039 nop r1 status=executed reward=0.0 elapsed=60.0s remaining=83349s
[generator_gate] tasks/rts_task_05b12b8f06acd0e46d3f0039 nop r0 status=executed reward=0.0 elapsed=60.0s remaining=83349s
[generator_gate] tasks/rts_task_f1a54b2f1d66e073216b8bf3 nop r0 status=executed reward=0.0 elapsed=50.0s remaining=83298s
[generator_gate] tasks/rts_task_f1a54b2f1d66e073216b8bf3 nop r1 status=executed reward=0.0 elapsed=50.0s remaining=83298s
[generator_gate] tasks/rts_task_f1a54b2f1d66e073216b8bf3 oracle r0 status=executed reward=1.0 elapsed=50.0s remaining=83298s
[generator_gate] tasks/rts_task_f1a54b2f1d66e073216b8bf3 oracle r1 status=executed reward=1.0 elapsed=50.0s remaining=83298s
[generator_gate] tasks/rts_task_4837e3a69b099005c9cf9043 nop r0 status=executed reward=0.0 elapsed=55.0s remaining=83243s
[generator_gate] tasks/rts_task_4837e3a69b099005c9cf9043 nop r1 status=executed reward=0.0 elapsed=60.0s remaining=83238s
[generator_gate] tasks/rts_task_4837e3a69b099005c9cf9043 oracle r1 status=executed reward=1.0 elapsed=85.0s remaining=83213s
[generator_gate] tasks/rts_task_4837e3a69b099005c9cf9043 oracle r0 status=executed reward=1.0 elapsed=85.0s remaining=83213s
[generator_gate] tasks/rts_task_0f7fa4de9a5df34ceb027225 nop r1 status=executed reward=0.0 elapsed=50.0s remaining=83163s
[generator_gate] tasks/rts_task_0f7fa4de9a5df34ceb027225 oracle r1 status=executed reward=1.0 elapsed=50.0s remaining=83163s
[generator_gate] tasks/rts_task_0f7fa4de9a5df34ceb027225 oracle r0 status=executed reward=1.0 elapsed=50.0s remaining=83163s
[generator_gate] tasks/rts_task_0f7fa4de9a5df34ceb027225 nop r0 status=executed reward=0.0 elapsed=50.0s remaining=83163s
[generator_gate] tasks/rts_task_43b07b28c120e8d3cdbd6266 nop r0 status=executed reward=0.0 elapsed=60.0s remaining=83103s
[generator_gate] tasks/rts_task_43b07b28c120e8d3cdbd6266 nop r1 status=executed reward=0.0 elapsed=60.0s remaining=83103s
[generator_gate] tasks/rts_task_43b07b28c120e8d3cdbd6266 oracle r0 status=executed reward=1.0 elapsed=70.0s remaining=83093s
[generator_gate] tasks/rts_task_43b07b28c120e8d3cdbd6266 oracle r1 status=executed reward=1.0 elapsed=70.0s remaining=83093s
[generator_gate] tasks/rts_task_0342155ea7d5e91b391c58b6 nop r0 status=executed reward=0.0 elapsed=45.0s remaining=83048s
[generator_gate] tasks/rts_task_0342155ea7d5e91b391c58b6 oracle r1 status=executed reward=1.0 elapsed=45.0s remaining=83048s
[generator_gate] tasks/rts_task_0342155ea7d5e91b391c58b6 nop r1 status=executed reward=0.0 elapsed=45.0s remaining=83048s
[generator_gate] tasks/rts_task_0342155ea7d5e91b391c58b6 oracle r0 status=executed reward=1.0 elapsed=45.0s remaining=83048s
[generator_gate] tasks/rts_task_c88d12681a889694178b9fcb oracle r1 status=executed reward=1.0 elapsed=35.0s remaining=83013s
[generator_gate] tasks/rts_task_c88d12681a889694178b9fcb nop r0 status=executed reward=0.0 elapsed=35.0s remaining=83013s
[generator_gate] tasks/rts_task_c88d12681a889694178b9fcb nop r1 status=executed reward=0.0 elapsed=35.0s remaining=83013s
[generator_gate] tasks/rts_task_c88d12681a889694178b9fcb oracle r0 status=executed reward=1.0 elapsed=35.0s remaining=83013s
[generator_gate] tasks/rts_task_2a680bd1a4b58daf42887f98 oracle r1 status=executed reward=1.0 elapsed=55.0s remaining=82957s
[generator_gate] tasks/rts_task_2a680bd1a4b58daf42887f98 nop r0 status=executed reward=0.0 elapsed=55.0s remaining=82957s
[generator_gate] tasks/rts_task_2a680bd1a4b58daf42887f98 oracle r0 status=executed reward=1.0 elapsed=55.0s remaining=82957s
[generator_gate] tasks/rts_task_2a680bd1a4b58daf42887f98 nop r1 status=executed reward=0.0 elapsed=55.0s remaining=82957s
[generator_gate] tasks/rts_task_7e101ab7aed1e56e07ac9cc4 oracle r0 status=executed reward=1.0 elapsed=55.0s remaining=82902s
[generator_gate] tasks/rts_task_7e101ab7aed1e56e07ac9cc4 nop r1 status=executed reward=0.0 elapsed=55.0s remaining=82902s
[generator_gate] tasks/rts_task_7e101ab7aed1e56e07ac9cc4 oracle r1 status=executed reward=1.0 elapsed=55.0s remaining=82902s
[generator_gate] tasks/rts_task_7e101ab7aed1e56e07ac9cc4 nop r0 status=executed reward=0.0 elapsed=55.0s remaining=82902s
[generator_gate] tasks/rts_task_7b156111b182f4101e230720 oracle r0 status=executed reward=1.0 elapsed=55.0s remaining=82847s
[generator_gate] tasks/rts_task_7b156111b182f4101e230720 oracle r1 status=executed reward=1.0 elapsed=55.0s remaining=82847s
[generator_gate] tasks/rts_task_7b156111b182f4101e230720 nop r1 status=executed reward=0.0 elapsed=55.0s remaining=82847s
[generator_gate] tasks/rts_task_7b156111b182f4101e230720 nop r0 status=executed reward=0.0 elapsed=55.0s remaining=82847s
[generator_gate] tasks/rts_task_bb18bf319a069a4825ca293d nop r1 status=executed reward=0.0 elapsed=55.0s remaining=82792s
[generator_gate] tasks/rts_task_bb18bf319a069a4825ca293d nop r0 status=executed reward=0.0 elapsed=55.0s remaining=82792s
[generator_gate] tasks/rts_task_bb18bf319a069a4825ca293d oracle r1 status=executed reward=1.0 elapsed=60.0s remaining=82787s
[generator_gate] tasks/rts_task_bb18bf319a069a4825ca293d oracle r0 status=executed reward=1.0 elapsed=60.0s remaining=82787s
[generator_gate] tasks/rts_task_ebbf72c1a40db51157fb6adc nop r1 status=executed reward=0.0 elapsed=55.0s remaining=82732s
[generator_gate] tasks/rts_task_ebbf72c1a40db51157fb6adc nop r0 status=executed reward=0.0 elapsed=55.0s remaining=82732s
[generator_gate] tasks/rts_task_ebbf72c1a40db51157fb6adc oracle r1 status=executed reward=1.0 elapsed=60.0s remaining=82727s
[generator_gate] tasks/rts_task_ebbf72c1a40db51157fb6adc oracle r0 status=executed reward=1.0 elapsed=60.0s remaining=82727s
[generator_gate] tasks/rts_task_ba03cac8d7d5c174ce9410e9 nop r1 status=executed reward=0.0 elapsed=65.0s remaining=82662s
[generator_gate] tasks/rts_task_ba03cac8d7d5c174ce9410e9 nop r0 status=executed reward=0.0 elapsed=65.0s remaining=82662s
[generator_gate] tasks/rts_task_ba03cac8d7d5c174ce9410e9 oracle r0 status=executed reward=0.0 elapsed=85.0s remaining=82642s
[generator_gate] tasks/rts_task_ba03cac8d7d5c174ce9410e9 oracle r1 status=executed reward=0.0 elapsed=90.0s remaining=82637s
[generator_gate] tasks/rts_task_d098374b46af5f37b7c429b9 nop r1 status=executed reward=0.0 elapsed=30.0s remaining=82607s
[generator_gate] tasks/rts_task_d098374b46af5f37b7c429b9 nop r0 status=executed reward=0.0 elapsed=30.0s remaining=82607s
[generator_gate] tasks/rts_task_d098374b46af5f37b7c429b9 oracle r1 status=executed reward=1.0 elapsed=35.0s remaining=82602s
[generator_gate] tasks/rts_task_d098374b46af5f37b7c429b9 oracle r0 status=executed reward=1.0 elapsed=35.0s remaining=82602s
[generator_gate] tasks/rts_task_9b5203fbcfc9ef0d3f2bb87b nop r0 status=executed reward=0.0 elapsed=50.0s remaining=82551s
[generator_gate] tasks/rts_task_9b5203fbcfc9ef0d3f2bb87b nop r1 status=executed reward=0.0 elapsed=50.0s remaining=82551s
[generator_gate] tasks/rts_task_9b5203fbcfc9ef0d3f2bb87b oracle r0 status=executed reward=1.0 elapsed=55.0s remaining=82546s
[generator_gate] tasks/rts_task_9b5203fbcfc9ef0d3f2bb87b oracle r1 status=executed reward=1.0 elapsed=55.0s remaining=82546s
[generator_gate] tasks/rts_task_44f04a7b03968824cd9819e5 oracle r1 status=executed reward=1.0 elapsed=70.0s remaining=82476s
[generator_gate] tasks/rts_task_44f04a7b03968824cd9819e5 nop r0 status=executed reward=0.0 elapsed=70.0s remaining=82476s
[generator_gate] tasks/rts_task_44f04a7b03968824cd9819e5 nop r1 status=executed reward=0.0 elapsed=70.0s remaining=82476s
[generator_gate] tasks/rts_task_44f04a7b03968824cd9819e5 oracle r0 status=executed reward=1.0 elapsed=70.0s remaining=82476s
[generator_gate] tasks/rts_task_16925bc907efc6970fe4ba67 nop r0 status=executed reward=0.0 elapsed=95.0s remaining=82381s
[generator_gate] tasks/rts_task_16925bc907efc6970fe4ba67 oracle r1 status=executed reward=1.0 elapsed=95.0s remaining=82381s
[generator_gate] tasks/rts_task_16925bc907efc6970fe4ba67 oracle r0 status=executed reward=1.0 elapsed=95.0s remaining=82381s
[generator_gate] tasks/rts_task_16925bc907efc6970fe4ba67 nop r1 status=executed reward=0.0 elapsed=95.0s remaining=82381s
[generator_gate] tasks/rts_task_add0286f3bac9ede580d7571 oracle r1 status=executed reward=1.0 elapsed=65.0s remaining=82316s
[generator_gate] tasks/rts_task_add0286f3bac9ede580d7571 nop r1 status=executed reward=0.0 elapsed=65.0s remaining=82316s
[generator_gate] tasks/rts_task_add0286f3bac9ede580d7571 nop r0 status=executed reward=0.0 elapsed=65.0s remaining=82316s
[generator_gate] tasks/rts_task_add0286f3bac9ede580d7571 oracle r0 status=executed reward=1.0 elapsed=65.0s remaining=82316s
[generator_gate] tasks/rts_task_c6aabba2c11ee2ee6ac6dbe4 nop r1 status=executed reward=0.0 elapsed=40.0s remaining=82276s
[generator_gate] tasks/rts_task_c6aabba2c11ee2ee6ac6dbe4 nop r0 status=executed reward=0.0 elapsed=40.0s remaining=82276s
[generator_gate] tasks/rts_task_c6aabba2c11ee2ee6ac6dbe4 oracle r0 status=executed reward=1.0 elapsed=45.0s remaining=82271s
[generator_gate] tasks/rts_task_c6aabba2c11ee2ee6ac6dbe4 oracle r1 status=executed reward=1.0 elapsed=45.0s remaining=82271s
[generator_gate] prune after 60 tasks: images=40370000B builder=5313000000B
[generator_gate] tasks/rts_task_e8aeaad81227334457f583a7 oracle r1 status=executed reward=0.0 elapsed=50.0s remaining=82215s
[generator_gate] tasks/rts_task_e8aeaad81227334457f583a7 nop r0 status=executed reward=0.0 elapsed=50.0s remaining=82215s
[generator_gate] tasks/rts_task_e8aeaad81227334457f583a7 nop r1 status=executed reward=0.0 elapsed=50.0s remaining=82215s
[generator_gate] tasks/rts_task_e8aeaad81227334457f583a7 oracle r0 status=executed reward=0.0 elapsed=50.0s remaining=82215s
[generator_gate] tasks/rts_task_14fe38bdb9a2a1ad04bf8dfa nop r1 status=executed reward=0.0 elapsed=50.0s remaining=82165s
[generator_gate] tasks/rts_task_14fe38bdb9a2a1ad04bf8dfa oracle r1 status=executed reward=1.0 elapsed=50.0s remaining=82165s
[generator_gate] tasks/rts_task_14fe38bdb9a2a1ad04bf8dfa oracle r0 status=executed reward=1.0 elapsed=55.0s remaining=82160s
[generator_gate] tasks/rts_task_14fe38bdb9a2a1ad04bf8dfa nop r0 status=executed reward=0.0 elapsed=55.0s remaining=82160s
[generator_gate] tasks/rts_task_b2d61ca5eee532776614e5dc nop r0 status=executed reward=0.0 elapsed=55.0s remaining=82105s
[generator_gate] tasks/rts_task_b2d61ca5eee532776614e5dc nop r1 status=executed reward=0.0 elapsed=55.1s remaining=82105s
[generator_gate] tasks/rts_task_b2d61ca5eee532776614e5dc oracle r1 status=executed reward=1.0 elapsed=65.1s remaining=82095s
[generator_gate] tasks/rts_task_b2d61ca5eee532776614e5dc oracle r0 status=executed reward=1.0 elapsed=70.0s remaining=82090s
[generator_gate] tasks/rts_task_8bbcb68b3cc1948e14d557b6 oracle r1 status=executed reward=1.0 elapsed=60.0s remaining=82030s
[generator_gate] tasks/rts_task_8bbcb68b3cc1948e14d557b6 nop r0 status=executed reward=0.0 elapsed=60.0s remaining=82030s
[generator_gate] tasks/rts_task_8bbcb68b3cc1948e14d557b6 nop r1 status=executed reward=0.0 elapsed=60.1s remaining=82030s
[generator_gate] tasks/rts_task_8bbcb68b3cc1948e14d557b6 oracle r0 status=executed reward=1.0 elapsed=60.1s remaining=82030s
[generator_gate] tasks/rts_task_5d16c299a6e08272f1bc7b3d oracle r1 status=executed reward=1.0 elapsed=60.0s remaining=81969s
[generator_gate] tasks/rts_task_5d16c299a6e08272f1bc7b3d nop r1 status=executed reward=0.0 elapsed=60.0s remaining=81969s
[generator_gate] tasks/rts_task_5d16c299a6e08272f1bc7b3d nop r0 status=executed reward=0.0 elapsed=60.0s remaining=81969s
[generator_gate] tasks/rts_task_5d16c299a6e08272f1bc7b3d oracle r0 status=executed reward=1.0 elapsed=60.0s remaining=81969s
[generator_gate] tasks/rts_task_358f6456f2c4921e5832cbf1 nop r1 status=executed reward=0.0 elapsed=110.0s remaining=81859s
[generator_gate] tasks/rts_task_358f6456f2c4921e5832cbf1 nop r0 status=executed reward=0.0 elapsed=110.1s remaining=81859s
[generator_gate] tasks/rts_task_358f6456f2c4921e5832cbf1 oracle r1 status=executed reward=1.0 elapsed=130.1s remaining=81839s
[generator_gate] tasks/rts_task_358f6456f2c4921e5832cbf1 oracle r0 status=executed reward=1.0 elapsed=130.3s remaining=81839s
[generator_gate] tasks/rts_task_b4aef3c843248bccd55412e4 oracle r0 status=executed reward=1.0 elapsed=60.0s remaining=81779s
[generator_gate] tasks/rts_task_b4aef3c843248bccd55412e4 nop r1 status=executed reward=0.0 elapsed=60.0s remaining=81779s
[generator_gate] tasks/rts_task_b4aef3c843248bccd55412e4 nop r0 status=executed reward=0.0 elapsed=60.0s remaining=81779s
[generator_gate] tasks/rts_task_b4aef3c843248bccd55412e4 oracle r1 status=executed reward=1.0 elapsed=60.3s remaining=81779s
[generator_gate] tasks/rts_task_26236daa49379d10832f9905 nop r0 status=infra reward=None elapsed=65.0s remaining=81713s
[generator_gate] tasks/rts_task_26236daa49379d10832f9905 nop r1 status=infra reward=None elapsed=65.1s remaining=81713s
[generator_gate] tasks/rts_task_26236daa49379d10832f9905 oracle r1 status=executed reward=1.0 elapsed=70.0s remaining=81708s
[generator_gate] tasks/rts_task_26236daa49379d10832f9905 oracle r0 status=executed reward=1.0 elapsed=70.0s remaining=81708s
[generator_gate] tasks/rts_task_a46623465a43438a75170805 nop r0 status=executed reward=0.0 elapsed=80.0s remaining=81628s
[generator_gate] tasks/rts_task_a46623465a43438a75170805 nop r1 status=executed reward=0.0 elapsed=80.0s remaining=81628s
[generator_gate] tasks/rts_task_a46623465a43438a75170805 oracle r0 status=executed reward=1.0 elapsed=170.0s remaining=81538s
[generator_gate] tasks/rts_task_a46623465a43438a75170805 oracle r1 status=executed reward=1.0 elapsed=170.1s remaining=81538s
[generator_gate] tasks/rts_task_5147f40f43f10303fd1d568c nop r0 status=executed reward=0.0 elapsed=480.0s remaining=81058s
[generator_gate] tasks/rts_task_5147f40f43f10303fd1d568c oracle r1 status=executed reward=1.0 elapsed=480.1s remaining=81058s
[generator_gate] tasks/rts_task_5147f40f43f10303fd1d568c oracle r0 status=executed reward=1.0 elapsed=485.0s remaining=81053s
[generator_gate] tasks/rts_task_5147f40f43f10303fd1d568c nop r1 status=executed reward=0.0 elapsed=485.1s remaining=81053s
[generator_gate] tasks/rts_task_2711589f05bcbc45dff6424f oracle r1 status=executed reward=1.0 elapsed=55.0s remaining=80998s
[generator_gate] tasks/rts_task_2711589f05bcbc45dff6424f nop r0 status=executed reward=0.0 elapsed=55.0s remaining=80998s
[generator_gate] tasks/rts_task_2711589f05bcbc45dff6424f nop r1 status=executed reward=0.0 elapsed=55.0s remaining=80998s
[generator_gate] tasks/rts_task_2711589f05bcbc45dff6424f oracle r0 status=executed reward=1.0 elapsed=55.0s remaining=80998s
[generator_gate] tasks/rts_task_70ae7fbefa96c899de4abb95 oracle r1 status=executed reward=1.0 elapsed=55.0s remaining=80942s
[generator_gate] tasks/rts_task_70ae7fbefa96c899de4abb95 nop r1 status=executed reward=0.0 elapsed=55.0s remaining=80942s
[generator_gate] tasks/rts_task_70ae7fbefa96c899de4abb95 nop r0 status=executed reward=0.0 elapsed=55.0s remaining=80942s
[generator_gate] tasks/rts_task_70ae7fbefa96c899de4abb95 oracle r0 status=executed reward=1.0 elapsed=55.0s remaining=80942s
[generator_gate] tasks/rts_task_22102080f464a8de46e1bf03 oracle r1 status=executed reward=1.0 elapsed=60.0s remaining=80882s
[generator_gate] tasks/rts_task_22102080f464a8de46e1bf03 nop r1 status=executed reward=0.0 elapsed=60.0s remaining=80882s
[generator_gate] tasks/rts_task_22102080f464a8de46e1bf03 oracle r0 status=executed reward=1.0 elapsed=60.0s remaining=80882s
[generator_gate] tasks/rts_task_22102080f464a8de46e1bf03 nop r0 status=executed reward=0.0 elapsed=60.0s remaining=80882s
[generator_gate] tasks/rts_task_e968f32ea5f2e1e7bf4e5dc2 oracle r0 status=executed reward=1.0 elapsed=50.0s remaining=80832s
[generator_gate] tasks/rts_task_e968f32ea5f2e1e7bf4e5dc2 nop r0 status=executed reward=0.0 elapsed=50.0s remaining=80832s
[generator_gate] tasks/rts_task_e968f32ea5f2e1e7bf4e5dc2 nop r1 status=executed reward=0.0 elapsed=50.0s remaining=80832s
[generator_gate] tasks/rts_task_e968f32ea5f2e1e7bf4e5dc2 oracle r1 status=executed reward=1.0 elapsed=50.0s remaining=80832s
[generator_gate] tasks/rts_task_388efe3c7617f1f3fdbcbcf4 nop r0 status=executed reward=0.0 elapsed=45.0s remaining=80787s
[generator_gate] tasks/rts_task_388efe3c7617f1f3fdbcbcf4 nop r1 status=executed reward=0.0 elapsed=45.0s remaining=80787s
[generator_gate] tasks/rts_task_388efe3c7617f1f3fdbcbcf4 oracle r1 status=executed reward=1.0 elapsed=60.0s remaining=80772s
[generator_gate] tasks/rts_task_388efe3c7617f1f3fdbcbcf4 oracle r0 status=executed reward=1.0 elapsed=60.0s remaining=80772s
[generator_gate] tasks/rts_task_c7388d1bd61a8c0dbb452c37 nop r0 status=executed reward=0.0 elapsed=65.0s remaining=80707s
[generator_gate] tasks/rts_task_c7388d1bd61a8c0dbb452c37 oracle r1 status=executed reward=0.0 elapsed=65.0s remaining=80707s
[generator_gate] tasks/rts_task_c7388d1bd61a8c0dbb452c37 nop r1 status=executed reward=0.0 elapsed=65.0s remaining=80707s
[generator_gate] tasks/rts_task_c7388d1bd61a8c0dbb452c37 oracle r0 status=executed reward=0.0 elapsed=65.0s remaining=80707s
[generator_gate] tasks/rts_task_5b3a880673c49807d17d77b3 oracle r1 status=executed reward=1.0 elapsed=70.0s remaining=80637s
[generator_gate] tasks/rts_task_5b3a880673c49807d17d77b3 oracle r0 status=executed reward=1.0 elapsed=70.0s remaining=80637s
[generator_gate] tasks/rts_task_5b3a880673c49807d17d77b3 nop r1 status=executed reward=0.0 elapsed=70.0s remaining=80637s
[generator_gate] tasks/rts_task_5b3a880673c49807d17d77b3 nop r0 status=executed reward=0.0 elapsed=70.0s remaining=80637s
[generator_gate] tasks/rts_task_21f0151cf4732e23ce69a0b6 oracle r0 status=executed reward=1.0 elapsed=55.0s remaining=80582s
[generator_gate] tasks/rts_task_21f0151cf4732e23ce69a0b6 nop r1 status=executed reward=0.0 elapsed=55.0s remaining=80582s
[generator_gate] tasks/rts_task_21f0151cf4732e23ce69a0b6 nop r0 status=executed reward=0.0 elapsed=55.0s remaining=80582s
[generator_gate] tasks/rts_task_21f0151cf4732e23ce69a0b6 oracle r1 status=executed reward=1.0 elapsed=55.0s remaining=80582s
[generator_gate] tasks/rts_task_93fe0dc3e1f4453d11d77a94 nop r0 status=executed reward=0.0 elapsed=160.0s remaining=80421s
[generator_gate] tasks/rts_task_93fe0dc3e1f4453d11d77a94 nop r1 status=executed reward=0.0 elapsed=160.0s remaining=80421s
[generator_gate] tasks/rts_task_93fe0dc3e1f4453d11d77a94 oracle r0 status=executed reward=1.0 elapsed=225.0s remaining=80356s
[generator_gate] tasks/rts_task_93fe0dc3e1f4453d11d77a94 oracle r1 status=executed reward=1.0 elapsed=230.0s remaining=80351s
[generator_gate] tasks/rts_task_e1cd75bb169dbec4aaf44a48 nop r1 status=executed reward=0.0 elapsed=55.0s remaining=80296s
[generator_gate] tasks/rts_task_e1cd75bb169dbec4aaf44a48 nop r0 status=executed reward=0.0 elapsed=55.0s remaining=80296s
[generator_gate] tasks/rts_task_e1cd75bb169dbec4aaf44a48 oracle r1 status=executed reward=1.0 elapsed=55.0s remaining=80296s
[generator_gate] tasks/rts_task_e1cd75bb169dbec4aaf44a48 oracle r0 status=executed reward=1.0 elapsed=55.0s remaining=80296s
[generator_gate] prune after 80 tasks: images=10850B builder=10790000000B
[generator_gate] tasks/rts_task_719ac0fff6e07a2b562a6ed8 nop r0 status=executed reward=0.0 elapsed=50.0s remaining=80234s
[generator_gate] tasks/rts_task_719ac0fff6e07a2b562a6ed8 nop r1 status=executed reward=0.0 elapsed=50.0s remaining=80234s
[generator_gate] tasks/rts_task_719ac0fff6e07a2b562a6ed8 oracle r0 status=executed reward=1.0 elapsed=50.0s remaining=80234s
[generator_gate] tasks/rts_task_719ac0fff6e07a2b562a6ed8 oracle r1 status=executed reward=1.0 elapsed=50.0s remaining=80234s
[generator_gate] tasks/rts_task_c252e25313732d4e73982170 nop r1 status=executed reward=0.0 elapsed=50.0s remaining=80184s
[generator_gate] tasks/rts_task_c252e25313732d4e73982170 nop r0 status=executed reward=0.0 elapsed=50.0s remaining=80184s
[generator_gate] tasks/rts_task_c252e25313732d4e73982170 oracle r0 status=executed reward=1.0 elapsed=55.0s remaining=80179s
[generator_gate] tasks/rts_task_c252e25313732d4e73982170 oracle r1 status=executed reward=1.0 elapsed=55.0s remaining=80179s
[generator_gate] tasks/rts_task_bfa18d6732842fe5b56d9af4 nop r1 status=executed reward=0.0 elapsed=50.0s remaining=80129s
[generator_gate] tasks/rts_task_bfa18d6732842fe5b56d9af4 nop r0 status=executed reward=0.0 elapsed=50.0s remaining=80129s
[generator_gate] tasks/rts_task_bfa18d6732842fe5b56d9af4 oracle r0 status=executed reward=1.0 elapsed=60.0s remaining=80119s
[generator_gate] tasks/rts_task_bfa18d6732842fe5b56d9af4 oracle r1 status=executed reward=1.0 elapsed=60.0s remaining=80119s
[generator_gate] tasks/rts_task_0c8bec18cdfa268740602fd0 nop r0 status=executed reward=0.0 elapsed=75.0s remaining=80044s
[generator_gate] tasks/rts_task_0c8bec18cdfa268740602fd0 nop r1 status=executed reward=0.0 elapsed=75.0s remaining=80044s
[generator_gate] tasks/rts_task_0c8bec18cdfa268740602fd0 oracle r0 status=executed reward=1.0 elapsed=120.0s remaining=79999s
[generator_gate] tasks/rts_task_0c8bec18cdfa268740602fd0 oracle r1 status=executed reward=1.0 elapsed=125.0s remaining=79994s
[generator_gate] tasks/rts_task_6145d22dd88857dce04d5a62 nop r1 status=executed reward=0.0 elapsed=55.0s remaining=79939s
[generator_gate] tasks/rts_task_6145d22dd88857dce04d5a62 nop r0 status=executed reward=0.0 elapsed=55.0s remaining=79939s
[generator_gate] tasks/rts_task_6145d22dd88857dce04d5a62 oracle r0 status=executed reward=1.0 elapsed=65.0s remaining=79929s
[generator_gate] tasks/rts_task_6145d22dd88857dce04d5a62 oracle r1 status=executed reward=1.0 elapsed=65.0s remaining=79929s
[generator_gate] tasks/rts_task_6669e39fdd0755c112eb840e nop r0 status=executed reward=0.0 elapsed=45.0s remaining=79883s
[generator_gate] tasks/rts_task_6669e39fdd0755c112eb840e nop r1 status=executed reward=0.0 elapsed=45.0s remaining=79883s
[generator_gate] tasks/rts_task_6669e39fdd0755c112eb840e oracle r0 status=executed reward=1.0 elapsed=45.0s remaining=79883s
[generator_gate] tasks/rts_task_6669e39fdd0755c112eb840e oracle r1 status=executed reward=1.0 elapsed=45.0s remaining=79883s
[generator_gate] tasks/rts_task_9b62ce1df5ee9b15195c5789 nop r1 status=executed reward=0.0 elapsed=50.0s remaining=79833s
[generator_gate] tasks/rts_task_9b62ce1df5ee9b15195c5789 nop r0 status=executed reward=0.0 elapsed=50.0s remaining=79833s
[generator_gate] tasks/rts_task_9b62ce1df5ee9b15195c5789 oracle r1 status=executed reward=1.0 elapsed=60.0s remaining=79823s
[generator_gate] tasks/rts_task_9b62ce1df5ee9b15195c5789 oracle r0 status=executed reward=1.0 elapsed=60.0s remaining=79823s
[generator_gate] tasks/rts_task_a469981a049cb5213beeef51 nop r1 status=executed reward=0.0 elapsed=115.0s remaining=79708s
[generator_gate] tasks/rts_task_a469981a049cb5213beeef51 nop r0 status=executed reward=0.0 elapsed=115.1s remaining=79708s
[generator_gate] tasks/rts_task_a469981a049cb5213beeef51 oracle r0 status=executed reward=1.0 elapsed=120.1s remaining=79703s
[generator_gate] tasks/rts_task_a469981a049cb5213beeef51 oracle r1 status=executed reward=1.0 elapsed=120.1s remaining=79703s
[generator_gate] tasks/rts_task_acf8e63ecb218e8447f72802 nop r1 status=executed reward=0.0 elapsed=95.0s remaining=79608s
[generator_gate] tasks/rts_task_acf8e63ecb218e8447f72802 nop r0 status=executed reward=0.0 elapsed=95.1s remaining=79608s
[generator_gate] tasks/rts_task_acf8e63ecb218e8447f72802 oracle r1 status=executed reward=1.0 elapsed=165.1s remaining=79538s
[generator_gate] tasks/rts_task_acf8e63ecb218e8447f72802 oracle r0 status=executed reward=1.0 elapsed=165.3s remaining=79537s
[generator_gate] tasks/rts_task_26a1f79fddfcd7c3557da02d nop r0 status=executed reward=0.0 elapsed=55.0s remaining=79482s
[generator_gate] tasks/rts_task_26a1f79fddfcd7c3557da02d nop r1 status=executed reward=0.0 elapsed=55.0s remaining=79482s
[generator_gate] tasks/rts_task_26a1f79fddfcd7c3557da02d oracle r0 status=executed reward=1.0 elapsed=65.0s remaining=79472s
[generator_gate] tasks/rts_task_26a1f79fddfcd7c3557da02d oracle r1 status=executed reward=1.0 elapsed=65.0s remaining=79472s
[generator_gate] tasks/rts_task_e0fe870aeba96d90204608db nop r1 status=executed reward=0.0 elapsed=85.0s remaining=79387s
[generator_gate] tasks/rts_task_e0fe870aeba96d90204608db nop r0 status=executed reward=0.0 elapsed=85.2s remaining=79387s
[generator_gate] tasks/rts_task_e0fe870aeba96d90204608db oracle r1 status=executed reward=1.0 elapsed=90.0s remaining=79382s
[generator_gate] tasks/rts_task_e0fe870aeba96d90204608db oracle r0 status=executed reward=1.0 elapsed=90.1s remaining=79382s
[generator_gate] tasks/rts_task_30e9c4e7842f117dace98fd0 nop r1 status=executed reward=0.0 elapsed=50.0s remaining=79332s
[generator_gate] tasks/rts_task_30e9c4e7842f117dace98fd0 oracle r0 status=executed reward=1.0 elapsed=50.0s remaining=79332s
[generator_gate] tasks/rts_task_30e9c4e7842f117dace98fd0 oracle r1 status=executed reward=1.0 elapsed=50.0s remaining=79332s
[generator_gate] tasks/rts_task_30e9c4e7842f117dace98fd0 nop r0 status=executed reward=0.0 elapsed=50.0s remaining=79332s
[generator_gate] tasks/rts_task_98a2bdb314c052993b6d3408 nop r0 status=executed reward=0.0 elapsed=65.0s remaining=79267s
[generator_gate] tasks/rts_task_98a2bdb314c052993b6d3408 oracle r1 status=executed reward=1.0 elapsed=65.0s remaining=79267s
[generator_gate] tasks/rts_task_98a2bdb314c052993b6d3408 oracle r0 status=executed reward=1.0 elapsed=65.0s remaining=79267s
[generator_gate] tasks/rts_task_98a2bdb314c052993b6d3408 nop r1 status=executed reward=0.0 elapsed=70.0s remaining=79262s
[generator_gate] tasks/rts_task_46332352b6b2968af279dd30 nop r0 status=executed reward=0.0 elapsed=45.0s remaining=79217s
[generator_gate] tasks/rts_task_46332352b6b2968af279dd30 nop r1 status=executed reward=0.0 elapsed=45.0s remaining=79217s
[generator_gate] tasks/rts_task_46332352b6b2968af279dd30 oracle r1 status=executed reward=1.0 elapsed=75.0s remaining=79187s
[generator_gate] tasks/rts_task_46332352b6b2968af279dd30 oracle r0 status=executed reward=1.0 elapsed=75.0s remaining=79187s
[generator_gate] tasks/rts_task_e645413836bf454030b0e9cd nop r1 status=executed reward=0.0 elapsed=35.0s remaining=79151s
[generator_gate] tasks/rts_task_e645413836bf454030b0e9cd oracle r0 status=executed reward=0.0 elapsed=35.0s remaining=79151s
[generator_gate] tasks/rts_task_e645413836bf454030b0e9cd nop r0 status=executed reward=0.0 elapsed=35.0s remaining=79151s
[generator_gate] tasks/rts_task_e645413836bf454030b0e9cd oracle r1 status=executed reward=0.0 elapsed=40.0s remaining=79146s
[generator_gate] tasks/rts_task_bbd65a888358819d8b7398fe nop r1 status=executed reward=0.0 elapsed=60.0s remaining=79086s
[generator_gate] tasks/rts_task_bbd65a888358819d8b7398fe nop r0 status=executed reward=0.0 elapsed=60.0s remaining=79086s
[generator_gate] tasks/rts_task_bbd65a888358819d8b7398fe oracle r0 status=executed reward=1.0 elapsed=65.3s remaining=79081s
[generator_gate] tasks/rts_task_bbd65a888358819d8b7398fe oracle r1 status=executed reward=1.0 elapsed=70.0s remaining=79076s
[generator_gate] tasks/rts_task_8bc1e45fce83ca22dfa3d386 nop r1 status=executed reward=0.0 elapsed=60.0s remaining=79016s
[generator_gate] tasks/rts_task_8bc1e45fce83ca22dfa3d386 nop r0 status=executed reward=0.0 elapsed=60.3s remaining=79016s
[generator_gate] tasks/rts_task_8bc1e45fce83ca22dfa3d386 oracle r1 status=executed reward=1.0 elapsed=70.0s remaining=79006s
[generator_gate] tasks/rts_task_8bc1e45fce83ca22dfa3d386 oracle r0 status=executed reward=1.0 elapsed=70.3s remaining=79006s
[generator_gate] tasks/rts_task_c6fe1c466e3d38e38839c3d0 nop r1 status=executed reward=0.0 elapsed=65.0s remaining=78941s
[generator_gate] tasks/rts_task_c6fe1c466e3d38e38839c3d0 nop r0 status=executed reward=0.0 elapsed=65.2s remaining=78940s
[generator_gate] tasks/rts_task_c6fe1c466e3d38e38839c3d0 oracle r0 status=executed reward=1.0 elapsed=65.2s remaining=78940s
[generator_gate] tasks/rts_task_c6fe1c466e3d38e38839c3d0 oracle r1 status=executed reward=1.0 elapsed=65.2s remaining=78940s
[generator_gate] tasks/rts_task_641f1e4025984f695f5de157 nop r1 status=executed reward=0.0 elapsed=100.0s remaining=78840s
[generator_gate] tasks/rts_task_641f1e4025984f695f5de157 nop r0 status=executed reward=0.0 elapsed=100.0s remaining=78840s
[generator_gate] tasks/rts_task_641f1e4025984f695f5de157 oracle r1 status=executed reward=0.0 elapsed=105.0s remaining=78835s
[generator_gate] tasks/rts_task_641f1e4025984f695f5de157 oracle r0 status=executed reward=0.0 elapsed=105.0s remaining=78835s
[generator_gate] tasks/rts_task_5cae9f5dc6b55fafe0948b43 oracle r1 status=executed reward=1.0 elapsed=50.0s remaining=78785s
[generator_gate] tasks/rts_task_5cae9f5dc6b55fafe0948b43 nop r0 status=executed reward=0.0 elapsed=50.0s remaining=78785s
[generator_gate] tasks/rts_task_5cae9f5dc6b55fafe0948b43 oracle r0 status=executed reward=1.0 elapsed=50.0s remaining=78785s
[generator_gate] tasks/rts_task_5cae9f5dc6b55fafe0948b43 nop r1 status=executed reward=0.0 elapsed=50.0s remaining=78785s
[generator_gate] prune after 100 tasks: images=27350000B builder=11330000000B
[generator_gate] tasks/rts_task_75715260aa2bf5e53759e772 nop r0 status=executed reward=0.0 elapsed=60.0s remaining=78714s
[generator_gate] tasks/rts_task_75715260aa2bf5e53759e772 oracle r0 status=executed reward=1.0 elapsed=60.0s remaining=78714s
[generator_gate] tasks/rts_task_75715260aa2bf5e53759e772 nop r1 status=executed reward=0.0 elapsed=60.0s remaining=78714s
[generator_gate] tasks/rts_task_75715260aa2bf5e53759e772 oracle r1 status=executed reward=1.0 elapsed=60.0s remaining=78714s
[generator_gate] tasks/rts_task_5cfc61846945252fc9da60e7 nop r1 status=executed reward=0.0 elapsed=55.0s remaining=78659s
[generator_gate] tasks/rts_task_5cfc61846945252fc9da60e7 nop r0 status=executed reward=0.0 elapsed=55.0s remaining=78659s
[generator_gate] tasks/rts_task_5cfc61846945252fc9da60e7 oracle r0 status=executed reward=1.0 elapsed=60.0s remaining=78654s
[generator_gate] tasks/rts_task_5cfc61846945252fc9da60e7 oracle r1 status=executed reward=1.0 elapsed=60.0s remaining=78654s
[generator_gate] tasks/rts_task_f7d8f7e15e98c120be6eea7d oracle r0 status=executed reward=0.0 elapsed=60.0s remaining=78594s
[generator_gate] tasks/rts_task_f7d8f7e15e98c120be6eea7d oracle r1 status=executed reward=0.0 elapsed=60.0s remaining=78594s
[generator_gate] tasks/rts_task_f7d8f7e15e98c120be6eea7d nop r1 status=executed reward=0.0 elapsed=60.0s remaining=78594s
[generator_gate] tasks/rts_task_f7d8f7e15e98c120be6eea7d nop r0 status=executed reward=0.0 elapsed=60.0s remaining=78594s
[generator_gate] tasks/rts_task_65d100d302617385987ac30e nop r0 status=executed reward=0.0 elapsed=50.0s remaining=78543s
[generator_gate] tasks/rts_task_65d100d302617385987ac30e oracle r1 status=executed reward=1.0 elapsed=50.0s remaining=78543s
[generator_gate] tasks/rts_task_65d100d302617385987ac30e nop r1 status=executed reward=0.0 elapsed=50.0s remaining=78543s
[generator_gate] tasks/rts_task_65d100d302617385987ac30e oracle r0 status=executed reward=1.0 elapsed=50.0s remaining=78543s
[generator_gate] tasks/rts_task_829bcb4eb593cc00a623b2a2 oracle r1 status=executed reward=1.0 elapsed=70.0s remaining=78473s
[generator_gate] tasks/rts_task_829bcb4eb593cc00a623b2a2 oracle r0 status=executed reward=1.0 elapsed=70.0s remaining=78473s
[generator_gate] tasks/rts_task_829bcb4eb593cc00a623b2a2 nop r1 status=executed reward=0.0 elapsed=70.0s remaining=78473s
[generator_gate] tasks/rts_task_829bcb4eb593cc00a623b2a2 nop r0 status=executed reward=0.0 elapsed=70.0s remaining=78473s
[generator_gate] tasks/rts_task_3f4ff89276df154a32d886c1 nop r1 status=executed reward=0.0 elapsed=80.0s remaining=78393s
[generator_gate] tasks/rts_task_3f4ff89276df154a32d886c1 oracle r1 status=executed reward=1.0 elapsed=80.0s remaining=78393s
[generator_gate] tasks/rts_task_3f4ff89276df154a32d886c1 nop r0 status=executed reward=0.0 elapsed=80.0s remaining=78393s
[generator_gate] tasks/rts_task_3f4ff89276df154a32d886c1 oracle r0 status=executed reward=1.0 elapsed=80.0s remaining=78393s
[generator_gate] tasks/rts_task_daa84b58ad8196d4584b60f9 nop r1 status=executed reward=0.0 elapsed=50.0s remaining=78343s
[generator_gate] tasks/rts_task_daa84b58ad8196d4584b60f9 oracle r0 status=executed reward=1.0 elapsed=50.0s remaining=78343s
[generator_gate] tasks/rts_task_daa84b58ad8196d4584b60f9 nop r0 status=executed reward=0.0 elapsed=50.0s remaining=78343s
[generator_gate] tasks/rts_task_daa84b58ad8196d4584b60f9 oracle r1 status=executed reward=1.0 elapsed=50.0s remaining=78343s
[generator_gate] tasks/rts_task_4001f3d2489e74df4960274f nop r1 status=executed reward=0.0 elapsed=85.0s remaining=78258s
[generator_gate] tasks/rts_task_4001f3d2489e74df4960274f nop r0 status=executed reward=0.0 elapsed=85.0s remaining=78258s
[generator_gate] tasks/rts_task_4001f3d2489e74df4960274f oracle r0 status=executed reward=1.0 elapsed=90.0s remaining=78253s
[generator_gate] tasks/rts_task_4001f3d2489e74df4960274f oracle r1 status=executed reward=1.0 elapsed=90.0s remaining=78253s
[generator_gate] tasks/rts_task_9791637c7aaaa3b6246aad2d nop r1 status=executed reward=0.0 elapsed=55.0s remaining=78198s
[generator_gate] tasks/rts_task_9791637c7aaaa3b6246aad2d nop r0 status=executed reward=0.0 elapsed=55.0s remaining=78198s
[generator_gate] tasks/rts_task_9791637c7aaaa3b6246aad2d oracle r0 status=executed reward=1.0 elapsed=55.0s remaining=78198s
[generator_gate] tasks/rts_task_9791637c7aaaa3b6246aad2d oracle r1 status=executed reward=1.0 elapsed=55.0s remaining=78198s
[generator_gate] tasks/rts_task_2715bcffa6fc2d531805763a nop r0 status=executed reward=0.0 elapsed=55.0s remaining=78143s
[generator_gate] tasks/rts_task_2715bcffa6fc2d531805763a oracle r0 status=executed reward=1.0 elapsed=55.0s remaining=78143s
[generator_gate] tasks/rts_task_2715bcffa6fc2d531805763a nop r1 status=executed reward=0.0 elapsed=55.0s remaining=78143s
[generator_gate] tasks/rts_task_2715bcffa6fc2d531805763a oracle r1 status=executed reward=1.0 elapsed=55.0s remaining=78143s
[generator_gate] tasks/rts_task_3ba6ef2e5fba0d4e072b842d nop r0 status=executed reward=0.0 elapsed=60.0s remaining=78082s
[generator_gate] tasks/rts_task_3ba6ef2e5fba0d4e072b842d nop r1 status=executed reward=0.0 elapsed=60.0s remaining=78082s
[generator_gate] tasks/rts_task_3ba6ef2e5fba0d4e072b842d oracle r1 status=executed reward=1.0 elapsed=60.0s remaining=78082s
[generator_gate] tasks/rts_task_3ba6ef2e5fba0d4e072b842d oracle r0 status=executed reward=1.0 elapsed=60.0s remaining=78082s
[generator_gate] tasks/rts_task_5ebd4a0e7d9ed204949dc987 nop r1 status=executed reward=0.0 elapsed=240.0s remaining=77842s
[generator_gate] tasks/rts_task_5ebd4a0e7d9ed204949dc987 oracle r1 status=executed reward=1.0 elapsed=240.0s remaining=77842s
[generator_gate] tasks/rts_task_5ebd4a0e7d9ed204949dc987 nop r0 status=executed reward=0.0 elapsed=240.0s remaining=77842s
[generator_gate] tasks/rts_task_5ebd4a0e7d9ed204949dc987 oracle r0 status=executed reward=1.0 elapsed=240.0s remaining=77842s
[generator_gate] tasks/rts_task_252cc5ef0a6e0167fa9b4922 oracle r0 status=executed reward=1.0 elapsed=50.0s remaining=77792s
[generator_gate] tasks/rts_task_252cc5ef0a6e0167fa9b4922 nop r1 status=executed reward=0.0 elapsed=50.0s remaining=77792s
[generator_gate] tasks/rts_task_252cc5ef0a6e0167fa9b4922 oracle r1 status=executed reward=1.0 elapsed=50.0s remaining=77792s
[generator_gate] tasks/rts_task_252cc5ef0a6e0167fa9b4922 nop r0 status=executed reward=0.0 elapsed=50.0s remaining=77792s
[generator_gate] tasks/rts_task_29b6c25f271c1083403de735 oracle r1 status=executed reward=1.0 elapsed=40.0s remaining=77752s
[generator_gate] tasks/rts_task_29b6c25f271c1083403de735 nop r0 status=executed reward=0.0 elapsed=40.0s remaining=77752s
[generator_gate] tasks/rts_task_29b6c25f271c1083403de735 oracle r0 status=executed reward=1.0 elapsed=40.0s remaining=77752s
[generator_gate] tasks/rts_task_29b6c25f271c1083403de735 nop r1 status=executed reward=0.0 elapsed=40.0s remaining=77752s
[generator_gate] tasks/rts_task_cdba309abde58decb2f6b3a1 oracle r0 status=executed reward=1.0 elapsed=50.0s remaining=77702s
[generator_gate] tasks/rts_task_cdba309abde58decb2f6b3a1 nop r1 status=executed reward=0.0 elapsed=50.0s remaining=77702s
[generator_gate] tasks/rts_task_cdba309abde58decb2f6b3a1 oracle r1 status=executed reward=1.0 elapsed=50.0s remaining=77702s
[generator_gate] tasks/rts_task_cdba309abde58decb2f6b3a1 nop r0 status=executed reward=0.0 elapsed=50.0s remaining=77702s
[generator_gate] tasks/rts_task_5018e64f082f98fdd3c4c7a1 oracle r0 status=executed reward=1.0 elapsed=50.0s remaining=77652s
[generator_gate] tasks/rts_task_5018e64f082f98fdd3c4c7a1 nop r0 status=executed reward=0.0 elapsed=50.0s remaining=77652s
[generator_gate] tasks/rts_task_5018e64f082f98fdd3c4c7a1 nop r1 status=executed reward=0.0 elapsed=50.0s remaining=77652s
[generator_gate] tasks/rts_task_5018e64f082f98fdd3c4c7a1 oracle r1 status=executed reward=1.0 elapsed=50.0s remaining=77652s
[generator_gate] tasks/rts_task_372ea0df919f70032714edbf oracle r1 status=executed reward=1.0 elapsed=55.0s remaining=77597s
[generator_gate] tasks/rts_task_372ea0df919f70032714edbf nop r1 status=executed reward=0.0 elapsed=55.0s remaining=77597s
[generator_gate] tasks/rts_task_372ea0df919f70032714edbf oracle r0 status=executed reward=1.0 elapsed=55.0s remaining=77597s
[generator_gate] tasks/rts_task_372ea0df919f70032714edbf nop r0 status=executed reward=0.0 elapsed=55.0s remaining=77597s
[generator_gate] tasks/rts_task_71e749522b5b0b53e1e8f5d3 nop r1 status=executed reward=0.0 elapsed=45.0s remaining=77551s
[generator_gate] tasks/rts_task_71e749522b5b0b53e1e8f5d3 nop r0 status=executed reward=0.0 elapsed=45.0s remaining=77551s
[generator_gate] tasks/rts_task_71e749522b5b0b53e1e8f5d3 oracle r1 status=executed reward=1.0 elapsed=50.0s remaining=77546s
[generator_gate] tasks/rts_task_71e749522b5b0b53e1e8f5d3 oracle r0 status=executed reward=1.0 elapsed=50.0s remaining=77546s
[generator_gate] tasks/rts_task_b0c6d6d30a4342a27f303e0d nop r1 status=executed reward=0.0 elapsed=70.0s remaining=77476s
[generator_gate] tasks/rts_task_b0c6d6d30a4342a27f303e0d oracle r1 status=executed reward=1.0 elapsed=75.0s remaining=77471s
[generator_gate] tasks/rts_task_b0c6d6d30a4342a27f303e0d oracle r0 status=executed reward=1.0 elapsed=75.0s remaining=77471s
[generator_gate] tasks/rts_task_b0c6d6d30a4342a27f303e0d nop r0 status=executed reward=0.0 elapsed=75.0s remaining=77471s
[generator_gate] tasks/rts_task_39abc0008ecfac0eec3c791f nop r1 status=executed reward=0.0 elapsed=55.0s remaining=77416s
[generator_gate] tasks/rts_task_39abc0008ecfac0eec3c791f oracle r0 status=executed reward=1.0 elapsed=60.0s remaining=77411s
[generator_gate] tasks/rts_task_39abc0008ecfac0eec3c791f oracle r1 status=executed reward=1.0 elapsed=60.0s remaining=77411s
[generator_gate] tasks/rts_task_39abc0008ecfac0eec3c791f nop r0 status=executed reward=0.0 elapsed=60.0s remaining=77411s
[generator_gate] prune after 120 tasks: images=100800000B builder=5995000000B
[generator_gate] tasks/rts_task_90966b1f356a1997ed81099e nop r1 status=executed reward=0.0 elapsed=55.0s remaining=77349s
[generator_gate] tasks/rts_task_90966b1f356a1997ed81099e oracle r1 status=executed reward=1.0 elapsed=55.0s remaining=77349s
[generator_gate] tasks/rts_task_90966b1f356a1997ed81099e nop r0 status=executed reward=0.0 elapsed=55.0s remaining=77349s
[generator_gate] tasks/rts_task_90966b1f356a1997ed81099e oracle r0 status=executed reward=1.0 elapsed=55.0s remaining=77349s
[generator_gate] tasks/rts_task_160d0a0ec1846851f24d1609 nop r0 status=executed reward=0.0 elapsed=65.0s remaining=77284s
[generator_gate] tasks/rts_task_160d0a0ec1846851f24d1609 nop r1 status=executed reward=0.0 elapsed=65.0s remaining=77284s
[generator_gate] tasks/rts_task_160d0a0ec1846851f24d1609 oracle r0 status=executed reward=1.0 elapsed=70.0s remaining=77279s
[generator_gate] tasks/rts_task_160d0a0ec1846851f24d1609 oracle r1 status=executed reward=1.0 elapsed=70.0s remaining=77279s
[generator_gate] tasks/rts_task_474dcba4d6960cb697185773 nop r0 status=executed reward=0.0 elapsed=75.0s remaining=77204s
[generator_gate] tasks/rts_task_474dcba4d6960cb697185773 nop r1 status=executed reward=0.0 elapsed=75.0s remaining=77204s
[generator_gate] tasks/rts_task_474dcba4d6960cb697185773 oracle r0 status=executed reward=1.0 elapsed=100.0s remaining=77179s
[generator_gate] tasks/rts_task_474dcba4d6960cb697185773 oracle r1 status=executed reward=1.0 elapsed=105.0s remaining=77174s
[generator_gate] tasks/rts_task_a7ccd5984285fcc73c4db9e0 nop r1 status=executed reward=0.0 elapsed=55.0s remaining=77119s
[generator_gate] tasks/rts_task_a7ccd5984285fcc73c4db9e0 nop r0 status=executed reward=0.0 elapsed=55.0s remaining=77119s
[generator_gate] tasks/rts_task_a7ccd5984285fcc73c4db9e0 oracle r1 status=executed reward=1.0 elapsed=60.0s remaining=77114s
[generator_gate] tasks/rts_task_a7ccd5984285fcc73c4db9e0 oracle r0 status=executed reward=1.0 elapsed=60.0s remaining=77114s
[generator_gate] tasks/rts_task_97fbf70019844adb920c88c6 nop r0 status=executed reward=0.0 elapsed=40.0s remaining=77073s
[generator_gate] tasks/rts_task_97fbf70019844adb920c88c6 nop r1 status=executed reward=0.0 elapsed=40.0s remaining=77073s
[generator_gate] tasks/rts_task_97fbf70019844adb920c88c6 oracle r1 status=executed reward=1.0 elapsed=45.0s remaining=77068s
[generator_gate] tasks/rts_task_97fbf70019844adb920c88c6 oracle r0 status=executed reward=1.0 elapsed=45.0s remaining=77068s
[generator_gate] tasks/rts_task_1452cdca9f984007efdea8d2 nop r0 status=executed reward=0.0 elapsed=55.0s remaining=77013s
[generator_gate] tasks/rts_task_1452cdca9f984007efdea8d2 oracle r0 status=executed reward=1.0 elapsed=55.0s remaining=77013s
[generator_gate] tasks/rts_task_1452cdca9f984007efdea8d2 oracle r1 status=executed reward=1.0 elapsed=55.0s remaining=77013s
[generator_gate] tasks/rts_task_1452cdca9f984007efdea8d2 nop r1 status=executed reward=0.0 elapsed=55.0s remaining=77013s
[generator_gate] tasks/rts_task_d6dcc2ae6be1ddb4220c1262 oracle r0 status=executed reward=1.0 elapsed=45.0s remaining=76968s
[generator_gate] tasks/rts_task_d6dcc2ae6be1ddb4220c1262 oracle r1 status=executed reward=1.0 elapsed=45.0s remaining=76968s
[generator_gate] tasks/rts_task_d6dcc2ae6be1ddb4220c1262 nop r1 status=executed reward=0.0 elapsed=45.0s remaining=76968s
[generator_gate] tasks/rts_task_d6dcc2ae6be1ddb4220c1262 nop r0 status=executed reward=0.0 elapsed=45.0s remaining=76968s
[generator_gate] tasks/rts_task_0d4b336d762baffd5f8df148 oracle r1 status=executed reward=1.0 elapsed=50.0s remaining=76918s
[generator_gate] tasks/rts_task_0d4b336d762baffd5f8df148 nop r0 status=executed reward=0.0 elapsed=50.0s remaining=76918s
[generator_gate] tasks/rts_task_0d4b336d762baffd5f8df148 nop r1 status=executed reward=0.0 elapsed=50.0s remaining=76918s
[generator_gate] tasks/rts_task_0d4b336d762baffd5f8df148 oracle r0 status=executed reward=1.0 elapsed=50.0s remaining=76918s
[generator_gate] tasks/rts_task_b00d9d84f0620c64538e80be nop r1 status=executed reward=0.0 elapsed=35.0s remaining=76883s
[generator_gate] tasks/rts_task_b00d9d84f0620c64538e80be nop r0 status=executed reward=0.0 elapsed=35.0s remaining=76883s
[generator_gate] tasks/rts_task_b00d9d84f0620c64538e80be oracle r0 status=executed reward=1.0 elapsed=35.0s remaining=76883s
[generator_gate] tasks/rts_task_b00d9d84f0620c64538e80be oracle r1 status=executed reward=1.0 elapsed=35.0s remaining=76883s
[generator_gate] tasks/rts_task_b5a102c27aae10a41d70205a nop r0 status=infra reward=None elapsed=10.0s remaining=76872s
[generator_gate] tasks/rts_task_b5a102c27aae10a41d70205a oracle r1 status=infra reward=None elapsed=10.0s remaining=76872s
[generator_gate] tasks/rts_task_b5a102c27aae10a41d70205a oracle r0 status=infra reward=None elapsed=10.0s remaining=76872s
[generator_gate] tasks/rts_task_b5a102c27aae10a41d70205a nop r1 status=infra reward=None elapsed=10.0s remaining=76872s
[generator_gate] tasks/rts_task_421a80a20b11c0e6ec4f74f7 nop r0 status=executed reward=0.0 elapsed=55.0s remaining=76817s
[generator_gate] tasks/rts_task_421a80a20b11c0e6ec4f74f7 nop r1 status=executed reward=0.0 elapsed=55.0s remaining=76817s
[generator_gate] tasks/rts_task_421a80a20b11c0e6ec4f74f7 oracle r0 status=executed reward=1.0 elapsed=60.0s remaining=76812s
[generator_gate] tasks/rts_task_421a80a20b11c0e6ec4f74f7 oracle r1 status=executed reward=1.0 elapsed=60.0s remaining=76812s
[generator_gate] tasks/rts_task_6d14eeeecb11766b6045ba03 nop r0 status=executed reward=0.0 elapsed=75.0s remaining=76737s
[generator_gate] tasks/rts_task_6d14eeeecb11766b6045ba03 nop r1 status=executed reward=0.0 elapsed=75.0s remaining=76737s
[generator_gate] tasks/rts_task_6d14eeeecb11766b6045ba03 oracle r0 status=executed reward=1.0 elapsed=160.0s remaining=76652s
[generator_gate] tasks/rts_task_6d14eeeecb11766b6045ba03 oracle r1 status=executed reward=1.0 elapsed=160.0s remaining=76652s
[generator_gate] tasks/rts_task_409506c816d6d5aa4efc6e5c oracle r1 status=executed reward=1.0 elapsed=65.0s remaining=76587s
[generator_gate] tasks/rts_task_409506c816d6d5aa4efc6e5c nop r1 status=executed reward=0.0 elapsed=65.0s remaining=76587s
[generator_gate] tasks/rts_task_409506c816d6d5aa4efc6e5c nop r0 status=executed reward=0.0 elapsed=65.0s remaining=76587s
[generator_gate] tasks/rts_task_409506c816d6d5aa4efc6e5c oracle r0 status=executed reward=1.0 elapsed=65.0s remaining=76587s
[generator_gate] tasks/rts_task_0cb43771010c7b66549321c8 nop r1 status=executed reward=0.0 elapsed=50.0s remaining=76537s
[generator_gate] tasks/rts_task_0cb43771010c7b66549321c8 oracle r0 status=executed reward=1.0 elapsed=55.0s remaining=76532s
[generator_gate] tasks/rts_task_0cb43771010c7b66549321c8 oracle r1 status=executed reward=1.0 elapsed=55.0s remaining=76532s
[generator_gate] tasks/rts_task_0cb43771010c7b66549321c8 nop r0 status=executed reward=0.0 elapsed=55.0s remaining=76532s
[generator_gate] tasks/rts_task_55d437baa5229364349d6bd7 nop r1 status=executed reward=0.0 elapsed=55.0s remaining=76477s
[generator_gate] tasks/rts_task_55d437baa5229364349d6bd7 oracle r0 status=executed reward=1.0 elapsed=60.0s remaining=76472s
[generator_gate] tasks/rts_task_55d437baa5229364349d6bd7 oracle r1 status=executed reward=1.0 elapsed=60.0s remaining=76472s
[generator_gate] tasks/rts_task_55d437baa5229364349d6bd7 nop r0 status=executed reward=0.0 elapsed=60.0s remaining=76472s
[generator_gate] tasks/rts_task_bce07bb6ce45d96d0e41c080 oracle r0 status=executed reward=1.0 elapsed=50.0s remaining=76422s
[generator_gate] tasks/rts_task_bce07bb6ce45d96d0e41c080 oracle r1 status=executed reward=1.0 elapsed=50.0s remaining=76422s
[generator_gate] tasks/rts_task_bce07bb6ce45d96d0e41c080 nop r1 status=executed reward=0.0 elapsed=55.0s remaining=76417s
[generator_gate] tasks/rts_task_bce07bb6ce45d96d0e41c080 nop r0 status=executed reward=0.0 elapsed=55.0s remaining=76417s
[generator_gate] tasks/rts_task_8f4ac2a0a99cdaac8f5a5009 nop r1 status=executed reward=0.0 elapsed=85.0s remaining=76331s
[generator_gate] tasks/rts_task_8f4ac2a0a99cdaac8f5a5009 nop r0 status=executed reward=0.0 elapsed=85.0s remaining=76331s
[generator_gate] tasks/rts_task_8f4ac2a0a99cdaac8f5a5009 oracle r1 status=executed reward=1.0 elapsed=140.0s remaining=76276s
[generator_gate] tasks/rts_task_8f4ac2a0a99cdaac8f5a5009 oracle r0 status=executed reward=1.0 elapsed=140.0s remaining=76276s
[generator_gate] tasks/rts_task_55cba3e836bf2475465234e1 nop r0 status=executed reward=0.0 elapsed=60.0s remaining=76216s
[generator_gate] tasks/rts_task_55cba3e836bf2475465234e1 nop r1 status=executed reward=0.0 elapsed=60.0s remaining=76216s
[generator_gate] tasks/rts_task_55cba3e836bf2475465234e1 oracle r1 status=executed reward=1.0 elapsed=70.0s remaining=76206s
[generator_gate] tasks/rts_task_55cba3e836bf2475465234e1 oracle r0 status=executed reward=1.0 elapsed=70.0s remaining=76206s
[generator_gate] tasks/rts_task_60af4b6019edbc9bddeb096e nop r0 status=executed reward=0.0 elapsed=110.0s remaining=76096s
[generator_gate] tasks/rts_task_60af4b6019edbc9bddeb096e nop r1 status=executed reward=0.0 elapsed=110.0s remaining=76096s
[generator_gate] tasks/rts_task_60af4b6019edbc9bddeb096e oracle r1 status=executed reward=1.0 elapsed=115.0s remaining=76091s
[generator_gate] tasks/rts_task_60af4b6019edbc9bddeb096e oracle r0 status=executed reward=1.0 elapsed=115.0s remaining=76091s
[generator_gate] tasks/rts_task_60ee023ffcc2160a879e6acc nop r0 status=executed reward=0.0 elapsed=80.0s remaining=76011s
[generator_gate] tasks/rts_task_60ee023ffcc2160a879e6acc nop r1 status=executed reward=0.0 elapsed=80.0s remaining=76011s
[generator_gate] tasks/rts_task_60ee023ffcc2160a879e6acc oracle r1 status=executed reward=1.0 elapsed=90.0s remaining=76001s
[generator_gate] tasks/rts_task_60ee023ffcc2160a879e6acc oracle r0 status=executed reward=1.0 elapsed=90.0s remaining=76001s
[generator_gate] prune after 140 tasks: images=0B builder=7161000000B
[generator_gate] tasks/rts_task_c6dd240c3b82cc87c3c1683e nop r1 status=executed reward=0.0 elapsed=85.0s remaining=75909s
[generator_gate] tasks/rts_task_c6dd240c3b82cc87c3c1683e oracle r0 status=executed reward=1.0 elapsed=85.0s remaining=75909s
[generator_gate] tasks/rts_task_c6dd240c3b82cc87c3c1683e nop r0 status=executed reward=0.0 elapsed=85.0s remaining=75909s
[generator_gate] tasks/rts_task_c6dd240c3b82cc87c3c1683e oracle r1 status=executed reward=1.0 elapsed=90.0s remaining=75904s
[generator_gate] tasks/rts_task_8844dfac9bf6b4961441ac22 nop r1 status=executed reward=0.0 elapsed=50.0s remaining=75854s
[generator_gate] tasks/rts_task_8844dfac9bf6b4961441ac22 oracle r1 status=executed reward=1.0 elapsed=50.0s remaining=75854s
[generator_gate] tasks/rts_task_8844dfac9bf6b4961441ac22 oracle r0 status=executed reward=1.0 elapsed=50.0s remaining=75854s
[generator_gate] tasks/rts_task_8844dfac9bf6b4961441ac22 nop r0 status=executed reward=0.0 elapsed=50.0s remaining=75854s
[generator_gate] tasks/rts_task_f73ae657f033aaed884af59e nop r1 status=executed reward=0.0 elapsed=60.0s remaining=75794s
[generator_gate] tasks/rts_task_f73ae657f033aaed884af59e nop r0 status=executed reward=0.0 elapsed=60.0s remaining=75794s
[generator_gate] tasks/rts_task_f73ae657f033aaed884af59e oracle r1 status=executed reward=1.0 elapsed=75.0s remaining=75779s
[generator_gate] tasks/rts_task_f73ae657f033aaed884af59e oracle r0 status=executed reward=1.0 elapsed=75.0s remaining=75779s
[generator_gate] tasks/rts_task_21f73cab08660814c085694f oracle r0 status=executed reward=1.0 elapsed=45.0s remaining=75734s
[generator_gate] tasks/rts_task_21f73cab08660814c085694f oracle r1 status=executed reward=1.0 elapsed=45.0s remaining=75734s
[generator_gate] tasks/rts_task_21f73cab08660814c085694f nop r1 status=executed reward=0.0 elapsed=45.0s remaining=75734s
[generator_gate] tasks/rts_task_21f73cab08660814c085694f nop r0 status=executed reward=0.0 elapsed=45.0s remaining=75734s
[generator_gate] tasks/rts_task_f0e739603c019da77e9991f1 oracle r0 status=executed reward=1.0 elapsed=65.0s remaining=75669s
[generator_gate] tasks/rts_task_f0e739603c019da77e9991f1 oracle r1 status=executed reward=1.0 elapsed=65.0s remaining=75669s
[generator_gate] tasks/rts_task_f0e739603c019da77e9991f1 nop r0 status=executed reward=0.0 elapsed=65.0s remaining=75669s
[generator_gate] tasks/rts_task_f0e739603c019da77e9991f1 nop r1 status=executed reward=0.0 elapsed=65.0s remaining=75669s
[generator_gate] tasks/rts_task_4b81255aa2bf6e2b22a9775d nop r1 status=executed reward=0.0 elapsed=50.0s remaining=75619s
[generator_gate] tasks/rts_task_4b81255aa2bf6e2b22a9775d nop r0 status=executed reward=0.0 elapsed=50.0s remaining=75619s
[generator_gate] tasks/rts_task_4b81255aa2bf6e2b22a9775d oracle r0 status=executed reward=1.0 elapsed=75.0s remaining=75594s
[generator_gate] tasks/rts_task_4b81255aa2bf6e2b22a9775d oracle r1 status=executed reward=1.0 elapsed=75.0s remaining=75594s
[generator_gate] tasks/rts_task_709ac2a0e0723eeee0deb346 nop r0 status=executed reward=0.0 elapsed=45.0s remaining=75548s
[generator_gate] tasks/rts_task_709ac2a0e0723eeee0deb346 oracle r1 status=executed reward=1.0 elapsed=50.0s remaining=75543s
[generator_gate] tasks/rts_task_709ac2a0e0723eeee0deb346 oracle r0 status=executed reward=1.0 elapsed=50.0s remaining=75543s
[generator_gate] tasks/rts_task_709ac2a0e0723eeee0deb346 nop r1 status=executed reward=0.0 elapsed=50.0s remaining=75543s
[generator_gate] tasks/rts_task_d47516c70dcf218c25a40ee2 oracle r1 status=executed reward=1.0 elapsed=45.0s remaining=75498s
[generator_gate] tasks/rts_task_d47516c70dcf218c25a40ee2 nop r0 status=executed reward=0.0 elapsed=45.0s remaining=75498s
[generator_gate] tasks/rts_task_d47516c70dcf218c25a40ee2 oracle r0 status=executed reward=1.0 elapsed=45.0s remaining=75498s
[generator_gate] tasks/rts_task_d47516c70dcf218c25a40ee2 nop r1 status=executed reward=0.0 elapsed=45.0s remaining=75498s
[generator_gate] tasks/rts_task_304033075986a765fa08fb65 oracle r1 status=executed reward=1.0 elapsed=45.0s remaining=75453s
[generator_gate] tasks/rts_task_304033075986a765fa08fb65 nop r0 status=executed reward=0.0 elapsed=45.0s remaining=75453s
[generator_gate] tasks/rts_task_304033075986a765fa08fb65 nop r1 status=executed reward=0.0 elapsed=45.0s remaining=75453s
[generator_gate] tasks/rts_task_304033075986a765fa08fb65 oracle r0 status=executed reward=1.0 elapsed=50.0s remaining=75448s
[generator_gate] tasks/rts_task_af78cd3fbdaf36ff6c083d8c oracle r0 status=executed reward=1.0 elapsed=55.0s remaining=75393s
[generator_gate] tasks/rts_task_af78cd3fbdaf36ff6c083d8c nop r1 status=executed reward=0.0 elapsed=55.0s remaining=75393s
[generator_gate] tasks/rts_task_af78cd3fbdaf36ff6c083d8c nop r0 status=executed reward=0.0 elapsed=55.0s remaining=75393s
[generator_gate] tasks/rts_task_af78cd3fbdaf36ff6c083d8c oracle r1 status=executed reward=1.0 elapsed=55.0s remaining=75393s
[generator_gate] tasks/rts_task_4a298c0a495bd1bbabc1e359 nop r0 status=executed reward=0.0 elapsed=85.0s remaining=75308s
[generator_gate] tasks/rts_task_4a298c0a495bd1bbabc1e359 oracle r0 status=executed reward=1.0 elapsed=85.0s remaining=75308s
[generator_gate] tasks/rts_task_4a298c0a495bd1bbabc1e359 nop r1 status=executed reward=0.0 elapsed=85.0s remaining=75308s
[generator_gate] tasks/rts_task_4a298c0a495bd1bbabc1e359 oracle r1 status=executed reward=1.0 elapsed=85.0s remaining=75308s
[generator_gate] tasks/rts_task_b02a117e533d98dad8b98a06 nop r0 status=executed reward=0.0 elapsed=60.0s remaining=75247s
[generator_gate] tasks/rts_task_b02a117e533d98dad8b98a06 oracle r1 status=executed reward=1.0 elapsed=60.0s remaining=75247s
[generator_gate] tasks/rts_task_b02a117e533d98dad8b98a06 oracle r0 status=executed reward=1.0 elapsed=60.0s remaining=75247s
[generator_gate] tasks/rts_task_b02a117e533d98dad8b98a06 nop r1 status=executed reward=0.0 elapsed=60.0s remaining=75247s
[generator_gate] tasks/rts_task_e0285e50091b5305eeefd916 oracle r1 status=executed reward=1.0 elapsed=85.0s remaining=75162s
[generator_gate] tasks/rts_task_e0285e50091b5305eeefd916 oracle r0 status=executed reward=1.0 elapsed=85.0s remaining=75162s
[generator_gate] tasks/rts_task_e0285e50091b5305eeefd916 nop r0 status=executed reward=0.0 elapsed=85.0s remaining=75162s
[generator_gate] tasks/rts_task_e0285e50091b5305eeefd916 nop r1 status=executed reward=0.0 elapsed=85.0s remaining=75162s
[generator_gate] tasks/rts_task_d8f49db889e6bfcd59032170 oracle r1 status=executed reward=1.0 elapsed=50.0s remaining=75112s
[generator_gate] tasks/rts_task_d8f49db889e6bfcd59032170 nop r0 status=executed reward=0.0 elapsed=50.0s remaining=75112s
[generator_gate] tasks/rts_task_d8f49db889e6bfcd59032170 oracle r0 status=executed reward=1.0 elapsed=50.0s remaining=75112s
[generator_gate] tasks/rts_task_d8f49db889e6bfcd59032170 nop r1 status=executed reward=0.0 elapsed=50.0s remaining=75112s
[generator_gate] tasks/rts_task_1bde7d95e291a55b25076857 nop r0 status=executed reward=0.0 elapsed=40.0s remaining=75072s
[generator_gate] tasks/rts_task_1bde7d95e291a55b25076857 oracle r0 status=executed reward=1.0 elapsed=40.0s remaining=75072s
[generator_gate] tasks/rts_task_1bde7d95e291a55b25076857 nop r1 status=executed reward=0.0 elapsed=40.0s remaining=75072s
[generator_gate] tasks/rts_task_1bde7d95e291a55b25076857 oracle r1 status=executed reward=1.0 elapsed=45.0s remaining=75067s
[generator_gate] tasks/rts_task_b7558c13e24c74cbfe4029df oracle r0 status=executed reward=1.0 elapsed=60.0s remaining=75007s
[generator_gate] tasks/rts_task_b7558c13e24c74cbfe4029df nop r1 status=executed reward=0.0 elapsed=60.0s remaining=75007s
[generator_gate] tasks/rts_task_b7558c13e24c74cbfe4029df oracle r1 status=executed reward=1.0 elapsed=60.0s remaining=75007s
[generator_gate] tasks/rts_task_b7558c13e24c74cbfe4029df nop r0 status=executed reward=0.0 elapsed=60.0s remaining=75007s
[generator_gate] tasks/rts_task_36e3d991e49b730fb424ba44 nop r0 status=executed reward=0.0 elapsed=40.0s remaining=74967s
[generator_gate] tasks/rts_task_36e3d991e49b730fb424ba44 oracle r0 status=executed reward=1.0 elapsed=40.0s remaining=74967s
[generator_gate] tasks/rts_task_36e3d991e49b730fb424ba44 nop r1 status=executed reward=0.0 elapsed=40.0s remaining=74967s
[generator_gate] tasks/rts_task_36e3d991e49b730fb424ba44 oracle r1 status=executed reward=1.0 elapsed=40.0s remaining=74967s
[generator_gate] tasks/rts_task_5a4a59af70bd7721342d6932 oracle r1 status=executed reward=1.0 elapsed=50.0s remaining=74917s
[generator_gate] tasks/rts_task_5a4a59af70bd7721342d6932 nop r1 status=executed reward=0.0 elapsed=50.0s remaining=74917s
[generator_gate] tasks/rts_task_5a4a59af70bd7721342d6932 nop r0 status=executed reward=0.0 elapsed=50.0s remaining=74917s
[generator_gate] tasks/rts_task_5a4a59af70bd7721342d6932 oracle r0 status=executed reward=1.0 elapsed=55.0s remaining=74912s
[generator_gate] tasks/rts_task_c5fb748b1359377fc116b9f7 oracle r0 status=executed reward=1.0 elapsed=65.0s remaining=74846s
[generator_gate] tasks/rts_task_c5fb748b1359377fc116b9f7 nop r1 status=executed reward=0.0 elapsed=65.0s remaining=74846s
[generator_gate] tasks/rts_task_c5fb748b1359377fc116b9f7 oracle r1 status=executed reward=1.0 elapsed=65.0s remaining=74846s
[generator_gate] tasks/rts_task_c5fb748b1359377fc116b9f7 nop r0 status=executed reward=0.0 elapsed=65.0s remaining=74846s
[generator_gate] tasks/rts_task_a96f4a680c617ac37e6d8466 nop r1 status=executed reward=0.0 elapsed=40.0s remaining=74806s
[generator_gate] tasks/rts_task_a96f4a680c617ac37e6d8466 nop r0 status=executed reward=0.0 elapsed=40.0s remaining=74806s
[generator_gate] tasks/rts_task_a96f4a680c617ac37e6d8466 oracle r1 status=executed reward=1.0 elapsed=45.0s remaining=74801s
[generator_gate] tasks/rts_task_a96f4a680c617ac37e6d8466 oracle r0 status=executed reward=1.0 elapsed=45.0s remaining=74801s
[generator_gate] prune after 160 tasks: images=0B builder=9148000000B
[generator_gate] tasks/rts_task_1444f210e67c1c446b25f268 nop r1 status=executed reward=0.0 elapsed=65.0s remaining=74727s
[generator_gate] tasks/rts_task_1444f210e67c1c446b25f268 nop r0 status=executed reward=0.0 elapsed=65.0s remaining=74727s
[generator_gate] tasks/rts_task_1444f210e67c1c446b25f268 oracle r0 status=executed reward=1.0 elapsed=80.0s remaining=74712s
[generator_gate] tasks/rts_task_1444f210e67c1c446b25f268 oracle r1 status=executed reward=1.0 elapsed=80.0s remaining=74712s
[generator_gate] tasks/rts_task_0d60e93034b4b8aabfaefa65 nop r1 status=executed reward=0.0 elapsed=70.0s remaining=74642s
[generator_gate] tasks/rts_task_0d60e93034b4b8aabfaefa65 nop r0 status=executed reward=0.0 elapsed=70.0s remaining=74642s
[generator_gate] tasks/rts_task_0d60e93034b4b8aabfaefa65 oracle r0 status=executed reward=1.0 elapsed=75.0s remaining=74637s
[generator_gate] tasks/rts_task_0d60e93034b4b8aabfaefa65 oracle r1 status=executed reward=1.0 elapsed=75.0s remaining=74637s
[generator_gate] tasks/rts_task_a433c415a2f771883b508c23 nop r1 status=executed reward=0.0 elapsed=45.0s remaining=74592s
[generator_gate] tasks/rts_task_a433c415a2f771883b508c23 nop r0 status=executed reward=0.0 elapsed=45.0s remaining=74592s
[generator_gate] tasks/rts_task_a433c415a2f771883b508c23 oracle r1 status=executed reward=1.0 elapsed=50.0s remaining=74587s
[generator_gate] tasks/rts_task_a433c415a2f771883b508c23 oracle r0 status=executed reward=1.0 elapsed=50.0s remaining=74587s
[generator_gate] tasks/rts_task_01fe2b316b2e93eee6ff75ad oracle r0 status=executed reward=1.0 elapsed=100.0s remaining=74487s
[generator_gate] tasks/rts_task_01fe2b316b2e93eee6ff75ad nop r0 status=executed reward=0.0 elapsed=100.0s remaining=74487s
[generator_gate] tasks/rts_task_01fe2b316b2e93eee6ff75ad nop r1 status=executed reward=0.0 elapsed=100.0s remaining=74487s
[generator_gate] tasks/rts_task_01fe2b316b2e93eee6ff75ad oracle r1 status=executed reward=1.0 elapsed=105.0s remaining=74482s
[generator_gate] tasks/rts_task_b00e1458b8869176079f4d01 nop r0 status=executed reward=0.0 elapsed=60.0s remaining=74422s
[generator_gate] tasks/rts_task_b00e1458b8869176079f4d01 oracle r1 status=executed reward=1.0 elapsed=60.0s remaining=74422s
[generator_gate] tasks/rts_task_b00e1458b8869176079f4d01 nop r1 status=executed reward=0.0 elapsed=60.0s remaining=74422s
[generator_gate] tasks/rts_task_b00e1458b8869176079f4d01 oracle r0 status=executed reward=1.0 elapsed=60.0s remaining=74422s
[generator_gate] tasks/rts_task_ac240ca3ad4e71e1624744be nop r0 status=executed reward=0.0 elapsed=70.0s remaining=74352s
[generator_gate] tasks/rts_task_ac240ca3ad4e71e1624744be oracle r0 status=executed reward=1.0 elapsed=70.0s remaining=74352s
[generator_gate] tasks/rts_task_ac240ca3ad4e71e1624744be oracle r1 status=executed reward=1.0 elapsed=70.0s remaining=74352s
[generator_gate] tasks/rts_task_ac240ca3ad4e71e1624744be nop r1 status=executed reward=0.0 elapsed=70.0s remaining=74352s
[generator_gate] tasks/rts_task_9377299037f34be6b6733b62 oracle r1 status=executed reward=1.0 elapsed=50.0s remaining=74301s
[generator_gate] tasks/rts_task_9377299037f34be6b6733b62 nop r1 status=executed reward=0.0 elapsed=50.0s remaining=74301s
[generator_gate] tasks/rts_task_9377299037f34be6b6733b62 nop r0 status=executed reward=0.0 elapsed=50.0s remaining=74301s
[generator_gate] tasks/rts_task_9377299037f34be6b6733b62 oracle r0 status=executed reward=1.0 elapsed=50.0s remaining=74301s
[generator_gate] tasks/rts_task_ef2ae8c730e11ed8e7ecccec nop r0 status=executed reward=0.0 elapsed=85.0s remaining=74216s
[generator_gate] tasks/rts_task_ef2ae8c730e11ed8e7ecccec nop r1 status=executed reward=0.0 elapsed=85.0s remaining=74216s
[generator_gate] tasks/rts_task_ef2ae8c730e11ed8e7ecccec oracle r1 status=executed reward=1.0 elapsed=105.0s remaining=74196s
[generator_gate] tasks/rts_task_ef2ae8c730e11ed8e7ecccec oracle r0 status=executed reward=1.0 elapsed=105.0s remaining=74196s
[generator_gate] tasks/rts_task_57c71712b40e868eecd74f97 oracle r1 status=executed reward=1.0 elapsed=65.0s remaining=74131s
[generator_gate] tasks/rts_task_57c71712b40e868eecd74f97 nop r1 status=executed reward=0.0 elapsed=65.0s remaining=74131s
[generator_gate] tasks/rts_task_57c71712b40e868eecd74f97 nop r0 status=executed reward=0.0 elapsed=65.0s remaining=74131s
[generator_gate] tasks/rts_task_57c71712b40e868eecd74f97 oracle r0 status=executed reward=1.0 elapsed=65.0s remaining=74131s
[generator_gate] tasks/rts_task_b4f8056c770dfe11c2733ae9 nop r1 status=executed reward=0.0 elapsed=55.0s remaining=74076s
[generator_gate] tasks/rts_task_b4f8056c770dfe11c2733ae9 oracle r1 status=executed reward=1.0 elapsed=55.0s remaining=74076s
[generator_gate] tasks/rts_task_b4f8056c770dfe11c2733ae9 nop r0 status=executed reward=0.0 elapsed=55.0s remaining=74076s
[generator_gate] tasks/rts_task_b4f8056c770dfe11c2733ae9 oracle r0 status=executed reward=1.0 elapsed=55.0s remaining=74076s
[generator_gate] tasks/rts_task_374de11eb7d344908609e930 oracle r0 status=executed reward=1.0 elapsed=45.0s remaining=74031s
[generator_gate] tasks/rts_task_374de11eb7d344908609e930 nop r1 status=executed reward=0.0 elapsed=45.0s remaining=74031s
[generator_gate] tasks/rts_task_374de11eb7d344908609e930 oracle r1 status=executed reward=1.0 elapsed=45.0s remaining=74031s
[generator_gate] tasks/rts_task_374de11eb7d344908609e930 nop r0 status=executed reward=0.0 elapsed=45.0s remaining=74031s
[generator_gate] tasks/rts_task_4dd0efcae900d99cf4153dbb nop r0 status=executed reward=0.0 elapsed=105.0s remaining=73926s
[generator_gate] tasks/rts_task_4dd0efcae900d99cf4153dbb oracle r0 status=executed reward=1.0 elapsed=105.0s remaining=73926s
[generator_gate] tasks/rts_task_4dd0efcae900d99cf4153dbb nop r1 status=executed reward=0.0 elapsed=105.0s remaining=73926s
[generator_gate] tasks/rts_task_4dd0efcae900d99cf4153dbb oracle r1 status=executed reward=1.0 elapsed=105.0s remaining=73926s
[generator_gate] tasks/rts_task_b16aa7b43aa84b04d24d5a52 oracle r0 status=executed reward=1.0 elapsed=40.0s remaining=73885s
[generator_gate] tasks/rts_task_b16aa7b43aa84b04d24d5a52 nop r1 status=executed reward=0.0 elapsed=40.0s remaining=73885s
[generator_gate] tasks/rts_task_b16aa7b43aa84b04d24d5a52 oracle r1 status=executed reward=1.0 elapsed=40.0s remaining=73885s
[generator_gate] tasks/rts_task_b16aa7b43aa84b04d24d5a52 nop r0 status=executed reward=0.0 elapsed=40.0s remaining=73885s
[generator_gate] tasks/rts_task_f33e697499e61458e8a98cd9 nop r0 status=executed reward=0.0 elapsed=125.0s remaining=73760s
[generator_gate] tasks/rts_task_f33e697499e61458e8a98cd9 nop r1 status=executed reward=0.0 elapsed=125.0s remaining=73760s
[generator_gate] tasks/rts_task_f33e697499e61458e8a98cd9 oracle r0 status=executed reward=1.0 elapsed=135.0s remaining=73750s
[generator_gate] tasks/rts_task_f33e697499e61458e8a98cd9 oracle r1 status=executed reward=1.0 elapsed=135.0s remaining=73750s
[generator_gate] tasks/rts_task_0bef7104da26636de2fd18a6 nop r0 status=executed reward=0.0 elapsed=45.0s remaining=73705s
[generator_gate] tasks/rts_task_0bef7104da26636de2fd18a6 nop r1 status=executed reward=0.0 elapsed=45.0s remaining=73705s
[generator_gate] tasks/rts_task_0bef7104da26636de2fd18a6 oracle r0 status=executed reward=1.0 elapsed=45.0s remaining=73705s
[generator_gate] tasks/rts_task_0bef7104da26636de2fd18a6 oracle r1 status=executed reward=1.0 elapsed=45.0s remaining=73705s
[generator_gate] tasks/rts_task_9995cbe77f261fbb4a2e0a79 nop r0 status=executed reward=0.0 elapsed=50.0s remaining=73655s
[generator_gate] tasks/rts_task_9995cbe77f261fbb4a2e0a79 nop r1 status=executed reward=0.0 elapsed=50.0s remaining=73655s
[generator_gate] tasks/rts_task_9995cbe77f261fbb4a2e0a79 oracle r0 status=executed reward=1.0 elapsed=55.0s remaining=73650s
[generator_gate] tasks/rts_task_9995cbe77f261fbb4a2e0a79 oracle r1 status=executed reward=1.0 elapsed=55.0s remaining=73650s
[generator_gate] tasks/rts_task_98ac97161996a13ddb71c3ed nop r0 status=executed reward=0.0 elapsed=55.0s remaining=73595s
[generator_gate] tasks/rts_task_98ac97161996a13ddb71c3ed nop r1 status=executed reward=0.0 elapsed=55.0s remaining=73595s
[generator_gate] tasks/rts_task_98ac97161996a13ddb71c3ed oracle r0 status=executed reward=1.0 elapsed=60.0s remaining=73590s
[generator_gate] tasks/rts_task_98ac97161996a13ddb71c3ed oracle r1 status=executed reward=1.0 elapsed=65.0s remaining=73585s
[generator_gate] tasks/rts_task_61960a54fe00c94458d72b89 oracle r0 status=executed reward=1.0 elapsed=50.0s remaining=73535s
[generator_gate] tasks/rts_task_61960a54fe00c94458d72b89 oracle r1 status=executed reward=1.0 elapsed=50.0s remaining=73535s
[generator_gate] tasks/rts_task_61960a54fe00c94458d72b89 nop r0 status=executed reward=0.0 elapsed=50.0s remaining=73535s
[generator_gate] tasks/rts_task_61960a54fe00c94458d72b89 nop r1 status=executed reward=0.0 elapsed=50.0s remaining=73535s
[generator_gate] tasks/rts_task_e9f4aeccfc2040b69ff07f68 nop r0 status=executed reward=0.0 elapsed=60.0s remaining=73474s
[generator_gate] tasks/rts_task_e9f4aeccfc2040b69ff07f68 oracle r1 status=executed reward=1.0 elapsed=60.0s remaining=73474s
[generator_gate] tasks/rts_task_e9f4aeccfc2040b69ff07f68 nop r1 status=executed reward=0.0 elapsed=60.0s remaining=73474s
[generator_gate] tasks/rts_task_e9f4aeccfc2040b69ff07f68 oracle r0 status=executed reward=1.0 elapsed=60.0s remaining=73474s
[generator_gate] tasks/rts_task_7ffafa337b317a3dfbb21e58 nop r1 status=executed reward=0.0 elapsed=55.0s remaining=73419s
[generator_gate] tasks/rts_task_7ffafa337b317a3dfbb21e58 nop r0 status=executed reward=0.0 elapsed=55.0s remaining=73419s
[generator_gate] tasks/rts_task_7ffafa337b317a3dfbb21e58 oracle r1 status=executed reward=1.0 elapsed=60.0s remaining=73414s
[generator_gate] tasks/rts_task_7ffafa337b317a3dfbb21e58 oracle r0 status=executed reward=1.0 elapsed=60.0s remaining=73414s
[generator_gate] prune after 180 tasks: images=0B builder=11550000000B
[generator_gate] tasks/rts_task_4a5fbee13d0cd4b1697ad81c nop r1 status=executed reward=0.0 elapsed=125.0s remaining=73279s
[generator_gate] tasks/rts_task_4a5fbee13d0cd4b1697ad81c nop r0 status=executed reward=0.0 elapsed=125.0s remaining=73279s
[generator_gate] tasks/rts_task_4a5fbee13d0cd4b1697ad81c oracle r1 status=executed reward=1.0 elapsed=165.0s remaining=73239s
[generator_gate] tasks/rts_task_4a5fbee13d0cd4b1697ad81c oracle r0 status=executed reward=1.0 elapsed=165.0s remaining=73239s
[generator_gate] tasks/rts_task_e642b0d1373917deb2144fd7 nop r0 status=executed reward=0.0 elapsed=45.0s remaining=73194s
[generator_gate] tasks/rts_task_e642b0d1373917deb2144fd7 nop r1 status=executed reward=0.0 elapsed=45.0s remaining=73194s
[generator_gate] tasks/rts_task_e642b0d1373917deb2144fd7 oracle r1 status=executed reward=1.0 elapsed=65.0s remaining=73174s
[generator_gate] tasks/rts_task_e642b0d1373917deb2144fd7 oracle r0 status=executed reward=1.0 elapsed=65.0s remaining=73174s
[generator_gate] tasks/rts_task_fad78822bf22052a4c028c0d oracle r1 status=executed reward=1.0 elapsed=80.0s remaining=73094s
[generator_gate] tasks/rts_task_fad78822bf22052a4c028c0d oracle r0 status=executed reward=1.0 elapsed=80.0s remaining=73094s
[generator_gate] tasks/rts_task_fad78822bf22052a4c028c0d nop r0 status=executed reward=0.0 elapsed=80.0s remaining=73094s
[generator_gate] tasks/rts_task_fad78822bf22052a4c028c0d nop r1 status=executed reward=0.0 elapsed=80.0s remaining=73094s
[generator_gate] tasks/rts_task_1ccb6d22d068f717b31516f2 oracle r0 status=executed reward=1.0 elapsed=55.0s remaining=73039s
[generator_gate] tasks/rts_task_1ccb6d22d068f717b31516f2 nop r1 status=executed reward=0.0 elapsed=55.0s remaining=73039s
[generator_gate] tasks/rts_task_1ccb6d22d068f717b31516f2 nop r0 status=executed reward=0.0 elapsed=55.0s remaining=73039s
[generator_gate] tasks/rts_task_1ccb6d22d068f717b31516f2 oracle r1 status=executed reward=1.0 elapsed=60.0s remaining=73034s
[generator_gate] tasks/rts_task_e11e20a0bbbf996e1f230477 nop r0 status=executed reward=0.0 elapsed=55.0s remaining=72978s
[generator_gate] tasks/rts_task_e11e20a0bbbf996e1f230477 nop r1 status=executed reward=0.0 elapsed=55.0s remaining=72978s
[generator_gate] tasks/rts_task_e11e20a0bbbf996e1f230477 oracle r1 status=executed reward=1.0 elapsed=60.0s remaining=72973s
[generator_gate] tasks/rts_task_e11e20a0bbbf996e1f230477 oracle r0 status=executed reward=1.0 elapsed=60.0s remaining=72973s
[generator_gate] tasks/rts_task_d80c43e4ac7894ea96c3efee nop r0 status=executed reward=0.0 elapsed=60.0s remaining=72913s
[generator_gate] tasks/rts_task_d80c43e4ac7894ea96c3efee oracle r1 status=executed reward=1.0 elapsed=65.0s remaining=72908s
[generator_gate] tasks/rts_task_d80c43e4ac7894ea96c3efee oracle r0 status=executed reward=1.0 elapsed=65.0s remaining=72908s
[generator_gate] tasks/rts_task_d80c43e4ac7894ea96c3efee nop r1 status=executed reward=0.0 elapsed=65.0s remaining=72908s
[generator_gate] tasks/rts_task_55ef78964a7b6c3399aacfc8 nop r1 status=executed reward=0.0 elapsed=55.0s remaining=72853s
[generator_gate] tasks/rts_task_55ef78964a7b6c3399aacfc8 nop r0 status=executed reward=0.0 elapsed=55.0s remaining=72853s
[generator_gate] tasks/rts_task_55ef78964a7b6c3399aacfc8 oracle r1 status=executed reward=1.0 elapsed=60.0s remaining=72848s
[generator_gate] tasks/rts_task_55ef78964a7b6c3399aacfc8 oracle r0 status=executed reward=1.0 elapsed=60.0s remaining=72848s
[generator_gate] tasks/rts_task_37efd5ccd906defad45ff39a nop r1 status=executed reward=0.0 elapsed=35.0s remaining=72813s
[generator_gate] tasks/rts_task_37efd5ccd906defad45ff39a oracle r0 status=executed reward=1.0 elapsed=40.0s remaining=72808s
[generator_gate] tasks/rts_task_37efd5ccd906defad45ff39a nop r0 status=executed reward=0.0 elapsed=40.0s remaining=72808s
[generator_gate] tasks/rts_task_37efd5ccd906defad45ff39a oracle r1 status=executed reward=1.0 elapsed=40.0s remaining=72808s
[generator_gate] tasks/rts_task_92afde2a56ec3cc1b8992552 nop r0 status=executed reward=0.0 elapsed=55.0s remaining=72753s
[generator_gate] tasks/rts_task_92afde2a56ec3cc1b8992552 nop r1 status=executed reward=0.0 elapsed=55.0s remaining=72753s
[generator_gate] tasks/rts_task_92afde2a56ec3cc1b8992552 oracle r1 status=executed reward=1.0 elapsed=60.0s remaining=72748s
[generator_gate] tasks/rts_task_92afde2a56ec3cc1b8992552 oracle r0 status=executed reward=1.0 elapsed=60.0s remaining=72748s
[generator_gate] tasks/rts_task_01f498ac043787584b88c85f nop r0 status=executed reward=0.0 elapsed=45.0s remaining=72703s
[generator_gate] tasks/rts_task_01f498ac043787584b88c85f oracle r1 status=executed reward=1.0 elapsed=45.0s remaining=72703s
[generator_gate] tasks/rts_task_01f498ac043787584b88c85f oracle r0 status=executed reward=1.0 elapsed=45.0s remaining=72703s
[generator_gate] tasks/rts_task_01f498ac043787584b88c85f nop r1 status=executed reward=0.0 elapsed=45.0s remaining=72703s
[generator_gate] tasks/rts_task_7493e4ba507eae6813cf2e77 nop r1 status=executed reward=0.0 elapsed=55.0s remaining=72647s
[generator_gate] tasks/rts_task_7493e4ba507eae6813cf2e77 nop r0 status=executed reward=0.0 elapsed=55.0s remaining=72647s
[generator_gate] tasks/rts_task_7493e4ba507eae6813cf2e77 oracle r0 status=executed reward=1.0 elapsed=60.0s remaining=72642s
[generator_gate] tasks/rts_task_7493e4ba507eae6813cf2e77 oracle r1 status=executed reward=1.0 elapsed=60.0s remaining=72642s
[generator_gate] tasks/rts_task_1f272b2057dfd63ab48abd38 oracle r0 status=infra reward=None elapsed=15.0s remaining=72627s
[generator_gate] tasks/rts_task_1f272b2057dfd63ab48abd38 oracle r1 status=infra reward=None elapsed=15.0s remaining=72627s
[generator_gate] tasks/rts_task_1f272b2057dfd63ab48abd38 nop r1 status=infra reward=None elapsed=15.0s remaining=72627s
[generator_gate] tasks/rts_task_1f272b2057dfd63ab48abd38 nop r0 status=infra reward=None elapsed=15.0s remaining=72627s
[generator_gate] tasks/rts_task_ede7b10396e17847c7eb0add nop r0 status=executed reward=0.0 elapsed=155.0s remaining=72472s
[generator_gate] tasks/rts_task_ede7b10396e17847c7eb0add nop r1 status=executed reward=0.0 elapsed=155.0s remaining=72472s
[generator_gate] tasks/rts_task_ede7b10396e17847c7eb0add oracle r0 status=executed reward=1.0 elapsed=165.0s remaining=72462s
[generator_gate] tasks/rts_task_ede7b10396e17847c7eb0add oracle r1 status=executed reward=1.0 elapsed=165.0s remaining=72462s
[generator_gate] tasks/rts_task_ad614aa15ac34a89a33ea2d8 nop r0 status=executed reward=0.0 elapsed=115.0s remaining=72347s
[generator_gate] tasks/rts_task_ad614aa15ac34a89a33ea2d8 nop r1 status=executed reward=0.0 elapsed=115.0s remaining=72347s
[generator_gate] tasks/rts_task_ad614aa15ac34a89a33ea2d8 oracle r1 status=executed reward=1.0 elapsed=125.0s remaining=72337s
[generator_gate] tasks/rts_task_ad614aa15ac34a89a33ea2d8 oracle r0 status=executed reward=1.0 elapsed=130.0s remaining=72332s
[generator_gate] tasks/rts_task_15bf03830fc3e4e7dbc6365b nop r0 status=executed reward=0.0 elapsed=80.0s remaining=72251s
[generator_gate] tasks/rts_task_15bf03830fc3e4e7dbc6365b nop r1 status=executed reward=0.0 elapsed=80.0s remaining=72251s
[generator_gate] tasks/rts_task_15bf03830fc3e4e7dbc6365b oracle r0 status=executed reward=1.0 elapsed=90.0s remaining=72241s
[generator_gate] tasks/rts_task_15bf03830fc3e4e7dbc6365b oracle r1 status=executed reward=1.0 elapsed=95.0s remaining=72236s
[generator_gate] tasks/rts_task_d8f8713ea553942cdae4d6b2 nop r0 status=executed reward=0.0 elapsed=50.0s remaining=72186s
[generator_gate] tasks/rts_task_d8f8713ea553942cdae4d6b2 nop r1 status=executed reward=0.0 elapsed=50.0s remaining=72186s
[generator_gate] tasks/rts_task_d8f8713ea553942cdae4d6b2 oracle r0 status=executed reward=1.0 elapsed=50.0s remaining=72186s
[generator_gate] tasks/rts_task_d8f8713ea553942cdae4d6b2 oracle r1 status=executed reward=1.0 elapsed=50.0s remaining=72186s
[generator_gate] tasks/rts_task_79d7ea76a669b9c61cfaf605 nop r1 status=executed reward=0.0 elapsed=60.0s remaining=72126s
[generator_gate] tasks/rts_task_79d7ea76a669b9c61cfaf605 oracle r0 status=executed reward=1.0 elapsed=60.0s remaining=72126s
[generator_gate] tasks/rts_task_79d7ea76a669b9c61cfaf605 oracle r1 status=executed reward=1.0 elapsed=60.0s remaining=72126s
[generator_gate] tasks/rts_task_79d7ea76a669b9c61cfaf605 nop r0 status=executed reward=0.0 elapsed=60.0s remaining=72126s
[generator_gate] tasks/rts_task_9d1d67f3dda0320e0f1fea5c nop r1 status=executed reward=0.0 elapsed=55.0s remaining=72071s
[generator_gate] tasks/rts_task_9d1d67f3dda0320e0f1fea5c nop r0 status=executed reward=0.0 elapsed=55.0s remaining=72071s
[generator_gate] tasks/rts_task_9d1d67f3dda0320e0f1fea5c oracle r0 status=executed reward=1.0 elapsed=65.0s remaining=72061s
[generator_gate] tasks/rts_task_9d1d67f3dda0320e0f1fea5c oracle r1 status=executed reward=1.0 elapsed=65.0s remaining=72061s
[generator_gate] tasks/rts_task_38319749828e07e3f26cd894 nop r0 status=executed reward=0.0 elapsed=45.0s remaining=72016s
[generator_gate] tasks/rts_task_38319749828e07e3f26cd894 nop r1 status=executed reward=0.0 elapsed=50.0s remaining=72011s
[generator_gate] tasks/rts_task_38319749828e07e3f26cd894 oracle r0 status=executed reward=1.0 elapsed=50.0s remaining=72011s
[generator_gate] tasks/rts_task_38319749828e07e3f26cd894 oracle r1 status=executed reward=1.0 elapsed=50.0s remaining=72011s
[generator_gate] tasks/rts_task_61ddd41585b5a4b23d5eb46a nop r1 status=infra reward=None elapsed=15.0s remaining=71995s
[generator_gate] tasks/rts_task_61ddd41585b5a4b23d5eb46a oracle r1 status=infra reward=None elapsed=15.0s remaining=71995s
[generator_gate] tasks/rts_task_61ddd41585b5a4b23d5eb46a oracle r0 status=infra reward=None elapsed=15.0s remaining=71995s
[generator_gate] tasks/rts_task_61ddd41585b5a4b23d5eb46a nop r0 status=infra reward=None elapsed=15.0s remaining=71995s
[generator_gate] prune after 200 tasks: images=0B builder=11520000000B
{
  "generator": "rst",
  "protocol": "verifier_invalid.fresh_environment.execution",
  "grade": "A",
  "verifier_kind": "execution",
  "adjudicator": "machine",
  "n": 200,
  "N": 37484,
  "seed": "gen-gate-rst-v0",
  "n_tasks": 200,
  "n_rows": 800,
  "n_trials": 800,
  "n_executed": 782,
  "n_infra_trials": 18,
  "n_timeout_trials": 0,
  "n_no_reference": 0,
  "n_judge_stratum": 0,
  "n_invalid": 7,
  "n_valid": 188,
  "n_unadjudicated_tasks": 5,
  "n_infra_tasks": 5,
  "wall_clock_total": 14414.34086235147,
  "maintenance": [
    {
      "event": "prune",
      "after_tasks": 20,
      "ts": "2026-09-13T21:55:00+00:00",
      "image_bytes": 139700000,
      "builder_bytes": 4834000000,
      "networks_pruned": 0
    },
    {
      "event": "prune",
      "after_tasks": 40,
      "ts": "2026-09-13T22:21:08+00:00",
      "image_bytes": 0,
      "builder_bytes": 9095000000,
      "networks_pruned": 0
    },
    {
      "event": "prune",
      "after_tasks": 60,
      "ts": "2026-09-13T22:41:12+00:00",
      "image_bytes": 40370000,
      "builder_bytes": 5313000000,
      "networks_pruned": 0
    },
    {
      "event": "prune",
      "after_tasks": 80,
      "ts": "2026-09-13T23:14:13+00:00",
      "image_bytes": 10850,
      "builder_bytes": 10790000000,
      "networks_pruned": 0
    },
    {
      "event": "prune",
      "after_tasks": 100,
      "ts": "2026-09-13T23:39:23+00:00",
      "image_bytes": 27350000,
      "builder_bytes": 11330000000,
      "networks_pruned": 0
    },
    {
      "event": "prune",
      "after_tasks": 120,
      "ts": "2026-09-14T00:02:13+00:00",
      "image_bytes": 100800000,
      "builder_bytes": 5995000000,
      "networks_pruned": 0
    },
    {
      "event": "prune",
      "after_tasks": 140,
      "ts": "2026-09-14T00:25:42+00:00",
      "image_bytes": 0,
      "builder_bytes": 7161000000,
      "networks_pruned": 0
    },
    {
      "event": "prune",
      "after_tasks": 160,
      "ts": "2026-09-14T00:45:44+00:00",
      "image_bytes": 0,
      "builder_bytes": 9148000000,
      "networks_pruned": 0
    },
    {
      "event": "prune",
      "after_tasks": 180,
      "ts": "2026-09-14T01:08:53+00:00",
      "image_bytes": 0,
      "builder_bytes": 11550000000,
      "networks_pruned": 0
    },
    {
      "event": "prune",
      "after_tasks": 200,
      "ts": "2026-09-14T01:32:31+00:00",
      "image_bytes": 0,
      "builder_bytes": 11520000000,
      "networks_pruned": 0
    }
  ],
  "certificate": {
    "path": "data/gold/gen_gate_rst.certificate.json",
    "decision": "incomplete",
    "complete": false,
    "k_invalid": null,
    "p_hat": null,
    "ucb95": null,
    "method": null,
    "epsilon": 0.05,
    "n_unadjudicated": 5,
    "strata": {
      "execution": 200
    }
  }
}
=== redo-infra 2026-09-13T21:35:09-04:00
[generator_gate] tasks=200 k=2 concurrency=2 resume_rows=800 done=782 budget_sec=86400
[generator_gate] prune after 20 tasks: images=0B builder=0B
[generator_gate] tasks/rts_task_0e78f51893db713eac1293e7 oracle r0 status=infra reward=None elapsed=35.0s remaining=86362s
[generator_gate] tasks/rts_task_0e78f51893db713eac1293e7 oracle r1 status=infra reward=None elapsed=35.0s remaining=86362s
[generator_gate] tasks/rts_task_0e78f51893db713eac1293e7 nop r0 status=infra reward=None elapsed=10.0s remaining=86352s
[generator_gate] tasks/rts_task_0e78f51893db713eac1293e7 nop r1 status=infra reward=None elapsed=10.0s remaining=86352s
[generator_gate] prune after 40 tasks: images=0B builder=501400000B
[generator_gate] prune after 60 tasks: images=0B builder=0B
[generator_gate] tasks/rts_task_26236daa49379d10832f9905 nop r0 status=infra reward=None elapsed=60.0s remaining=86285s
[generator_gate] tasks/rts_task_26236daa49379d10832f9905 nop r1 status=infra reward=None elapsed=60.0s remaining=86285s
[generator_gate] prune after 80 tasks: images=0B builder=385900000B
[generator_gate] prune after 100 tasks: images=0B builder=0B
[generator_gate] prune after 120 tasks: images=0B builder=0B
[generator_gate] tasks/rts_task_b5a102c27aae10a41d70205a oracle r1 status=infra reward=None elapsed=40.0s remaining=86236s
[generator_gate] tasks/rts_task_b5a102c27aae10a41d70205a oracle r0 status=infra reward=None elapsed=40.0s remaining=86236s
[generator_gate] tasks/rts_task_b5a102c27aae10a41d70205a nop r0 status=infra reward=None elapsed=10.0s remaining=86226s
[generator_gate] tasks/rts_task_b5a102c27aae10a41d70205a nop r1 status=infra reward=None elapsed=10.0s remaining=86226s
[generator_gate] prune after 140 tasks: images=0B builder=501600000B
[generator_gate] prune after 160 tasks: images=0B builder=0B
[generator_gate] prune after 180 tasks: images=0B builder=0B
[generator_gate] tasks/rts_task_1f272b2057dfd63ab48abd38 oracle r1 status=infra reward=None elapsed=15.0s remaining=86202s
[generator_gate] tasks/rts_task_1f272b2057dfd63ab48abd38 oracle r0 status=infra reward=None elapsed=15.0s remaining=86202s
[generator_gate] tasks/rts_task_1f272b2057dfd63ab48abd38 nop r0 status=infra reward=None elapsed=10.0s remaining=86192s
[generator_gate] tasks/rts_task_1f272b2057dfd63ab48abd38 nop r1 status=infra reward=None elapsed=10.0s remaining=86192s
[generator_gate] tasks/rts_task_61ddd41585b5a4b23d5eb46a oracle r0 status=infra reward=None elapsed=15.0s remaining=86175s
[generator_gate] tasks/rts_task_61ddd41585b5a4b23d5eb46a oracle r1 status=infra reward=None elapsed=15.0s remaining=86175s
[generator_gate] tasks/rts_task_61ddd41585b5a4b23d5eb46a nop r0 status=infra reward=None elapsed=10.0s remaining=86165s
[generator_gate] tasks/rts_task_61ddd41585b5a4b23d5eb46a nop r1 status=infra reward=None elapsed=10.0s remaining=86165s
[generator_gate] prune after 200 tasks: images=0B builder=485300000B
{
  "generator": "rst",
  "protocol": "verifier_invalid.fresh_environment.execution",
  "grade": "A",
  "verifier_kind": "execution",
  "adjudicator": "machine",
  "n": 200,
  "N": 37484,
  "seed": "gen-gate-rst-v0",
  "n_tasks": 200,
  "n_rows": 818,
  "n_trials": 800,
  "n_executed": 782,
  "n_infra_trials": 18,
  "n_timeout_trials": 0,
  "n_no_reference": 0,
  "n_judge_stratum": 0,
  "n_invalid": 7,
  "n_valid": 188,
  "n_unadjudicated_tasks": 5,
  "n_infra_tasks": 5,
  "wall_clock_total": 235.60802713502198,
  "maintenance": [
    {
      "event": "prune",
      "after_tasks": 20,
      "ts": "2026-09-14T01:35:11+00:00",
      "image_bytes": 0,
      "builder_bytes": 0,
      "networks_pruned": 0
    },
    {
      "event": "prune",
      "after_tasks": 40,
      "ts": "2026-09-14T01:36:00+00:00",
      "image_bytes": 0,
      "builder_bytes": 501400000,
      "networks_pruned": 0
    },
    {
      "event": "prune",
      "after_tasks": 60,
      "ts": "2026-09-14T01:36:03+00:00",
      "image_bytes": 0,
      "builder_bytes": 0,
      "networks_pruned": 0
    },
    {
      "event": "prune",
      "after_tasks": 80,
      "ts": "2026-09-14T01:37:06+00:00",
      "image_bytes": 0,
      "builder_bytes": 385900000,
      "networks_pruned": 0
    },
    {
      "event": "prune",
      "after_tasks": 100,
      "ts": "2026-09-14T01:37:09+00:00",
      "image_bytes": 0,
      "builder_bytes": 0,
      "networks_pruned": 0
    },
    {
      "event": "prune",
      "after_tasks": 120,
      "ts": "2026-09-14T01:37:11+00:00",
      "image_bytes": 0,
      "builder_bytes": 0,
      "networks_pruned": 0
    },
    {
      "event": "prune",
      "after_tasks": 140,
      "ts": "2026-09-14T01:38:05+00:00",
      "image_bytes": 0,
      "builder_bytes": 501600000,
      "networks_pruned": 0
    },
    {
      "event": "prune",
      "after_tasks": 160,
      "ts": "2026-09-14T01:38:08+00:00",
      "image_bytes": 0,
      "builder_bytes": 0,
      "networks_pruned": 0
    },
    {
      "event": "prune",
      "after_tasks": 180,
      "ts": "2026-09-14T01:38:11+00:00",
      "image_bytes": 0,
      "builder_bytes": 0,
      "networks_pruned": 0
    },
    {
      "event": "prune",
      "after_tasks": 200,
      "ts": "2026-09-14T01:39:04+00:00",
      "image_bytes": 0,
      "builder_bytes": 485300000,
      "networks_pruned": 0
    }
  ],
  "certificate": {
    "path": "data/gold/gen_gate_rst.certificate.json",
    "decision": "incomplete",
    "complete": false,
    "k_invalid": null,
    "p_hat": null,
    "ucb95": null,
    "method": null,
    "epsilon": 0.05,
    "n_unadjudicated": 5,
    "strata": {
      "execution": 200
    }
  }
}
